MatchID,Period,Team,Player,Event,Qualifier,Prog_Metric,Mins,Secs,X,Y,ScreenX,ScreenY
match_1768464395999,1,Home,H7,Dribble,,,0,0,50.0,50.0,50.0,50.0
match_1768464395999,1,Home,H3,Pass,,,0,3,53.0,55.0,53.0,55.0
match_1768464395999,1,Home,H8,Reception,,,0,5,50.0,47.0,50.0,47.0
match_1768464395999,1,Home,H6,Pass,,Prog Pass,0,6,50.0,47.0,50.0,47.0
match_1768464395999,1,Home,H9,Reception,,Prog Reception,0,8,63.0,39.0,63.0,39.0
match_1768464395999,1,Home,H7,Pass,,Prog Pass,0,9,63.0,39.0,63.0,39.0
match_1768464395999,1,Home,H8,Reception,,Prog Reception,0,11,75.0,47.0,75.0,47.0
match_1768464395999,1,Home,H7,Dribble,,,0,12,75.0,47.0,75.0,47.0
match_1768464395999,1,Home,H7,Dribble,,,0,14,83.0,36.0,83.0,36.0
match_1768464395999,1,Home,H9,Pass,,Prog Pass,0,16,78.0,59.0,78.0,59.0
match_1768464395999,1,Home,H1,Reception,,Prog Reception,0,18,84.0,77.0,84.0,77.0
match_1768464395999,1,Home,H11,Dribble,,,0,19,84.0,77.0,84.0,77.0
match_1768464395999,1,Home,H11,Dribble,,,0,22,83.0,78.0,83.0,78.0
match_1768464395999,1,Home,H5,Shot,Off Target,,0,26,92.0,75.0,92.0,75.0
match_1768464395999,1,Away,A4,Dribble,,,0,41,5.0,50.0,95.0,50.0
match_1768464395999,1,Away,A7,Pass,,,0,44,3.0,45.0,97.0,55.0
match_1768464395999,1,Away,A8,Reception,,,0,46,0.0,37.0,100.0,63.0
match_1768464395999,1,Away,A5,Pass,,,0,47,0.0,37.0,100.0,63.0
match_1768464395999,1,Home,H5,Interception,,,0,49,100.0,88.0,0.0,12.0
match_1768464395999,1,Home,H6,Pass,,,0,51,100.0,88.0,100.0,88.0
match_1768464395999,1,Away,A5,Interception,,,0,53,0.0,11.0,0.0,11.0
match_1768464395999,1,Away,A4,Pass,,Prog Pass,0,55,0.0,11.0,100.0,89.0
match_1768464395999,1,Away,A8,Reception,,Prog Reception,0,57,15.0,14.0,85.0,86.0
match_1768464395999,1,Away,A3,Pass,,,0,58,15.0,14.0,85.0,86.0
match_1768464395999,1,Home,H6,Interception,,,0,60,82.0,100.0,18.0,0.0
match_1768464395999,1,Home,H8,Dribble,,,1,2,82.0,100.0,82.0,100.0
match_1768464395999,1,Home,H5,Pass,,Prog Pass,1,6,78.0,100.0,78.0,100.0
match_1768464395999,1,Home,H11,Reception,,Prog Reception,1,8,96.0,85.0,96.0,85.0
match_1768464395999,1,Home,H2,Cross,,,1,9,96.0,95.0,96.0,95.0
match_1768464395999,1,Away,A2,Pass,,,1,12,15.0,50.0,85.0,50.0
match_1768464395999,1,Away,A8,Reception,,,1,14,10.0,59.0,90.0,41.0
match_1768464395999,1,Away,A2,Pass,,,1,15,10.0,59.0,90.0,41.0
match_1768464395999,1,Away,A9,Reception,,,1,17,19.0,52.0,81.0,48.0
match_1768464395999,1,Away,A10,Pass,,,1,18,19.0,52.0,81.0,48.0
match_1768464395999,1,Away,A1,Reception,,,1,20,24.0,48.0,76.0,52.0
match_1768464395999,1,Away,A10,Pass,,Prog Pass,1,21,24.0,48.0,76.0,52.0
match_1768464395999,1,Away,A9,Reception,,Prog Reception,1,23,41.0,56.0,59.0,44.0
match_1768464395999,1,Away,A4,Pass,,Prog Pass,1,24,41.0,56.0,59.0,44.0
match_1768464395999,1,Away,A7,Reception,,Prog Reception,1,26,51.0,73.0,49.0,27.0
match_1768464395999,1,Away,A10,Pass,,,1,27,51.0,73.0,49.0,27.0
match_1768464395999,1,Home,H8,Interception,,,1,29,51.0,3.0,49.0,97.0
match_1768464395999,1,Home,H11,Dribble,,Prog Carry,1,31,51.0,3.0,51.0,3.0
match_1768464395999,1,Home,H10,Pass,,,1,35,70.0,2.0,70.0,2.0
match_1768464395999,1,Home,H1,Reception,,Prog Reception,1,37,78.0,9.0,78.0,9.0
match_1768464395999,1,Home,H8,Pass,,,1,38,78.0,9.0,78.0,9.0
match_1768464395999,1,Home,H7,Reception,,,1,40,73.0,2.0,73.0,2.0
match_1768464395999,1,Home,H9,Pass,,Prog Pass,1,41,73.0,2.0,73.0,2.0
match_1768464395999,1,Home,H11,Reception,,Prog Reception,1,43,91.0,4.0,91.0,4.0
match_1768464395999,1,Home,H8,Dribble,,,1,44,91.0,4.0,91.0,4.0
match_1768464395999,1,Home,H8,Cross,,,1,47,93.0,95.0,93.0,95.0
match_1768464395999,1,Home,H8,Pass,,,1,49,95.0,50.0,95.0,50.0
match_1768464395999,1,Home,H9,Reception,,Prog Reception,1,51,100.0,67.0,100.0,67.0
match_1768464395999,1,Home,H7,Dribble,,,1,52,100.0,67.0,100.0,67.0
match_1768464395999,1,Home,H4,Pass,,,1,53,97.0,88.0,97.0,88.0
match_1768464395999,1,Home,H6,Reception,,Prog Reception,1,55,92.0,71.0,92.0,71.0
match_1768464395999,1,Home,H2,Cross,,,1,56,92.0,5.0,92.0,5.0
match_1768464395999,1,Away,A2,Dribble,,,1,59,15.0,50.0,85.0,50.0
match_1768464395999,1,Away,A7,Pass,,,2,1,13.0,63.0,87.0,37.0
match_1768464395999,1,Away,A5,Reception,,,2,3,24.0,59.0,76.0,41.0
match_1768464395999,1,Away,A11,Pass,,,2,4,24.0,59.0,76.0,41.0
match_1768464395999,1,Away,A2,Reception,,,2,6,34.0,41.0,66.0,59.0
match_1768464395999,1,Away,A9,Pass,,Prog Pass,2,7,34.0,41.0,66.0,59.0
match_1768464395999,1,Away,A2,Reception,,Prog Reception,2,9,50.0,56.0,50.0,44.0
match_1768464395999,1,Away,A2,Pass,,Prog Pass,2,10,50.0,56.0,50.0,44.0
match_1768464395999,1,Away,A6,Reception,,Prog Reception,2,12,66.0,64.0,34.0,36.0
match_1768464395999,1,Away,A5,Dribble,,,2,13,66.0,64.0,34.0,36.0
match_1768464395999,1,Away,A4,Pass,,,2,14,61.0,39.0,39.0,61.0
match_1768464395999,1,Away,A2,Reception,,,2,16,68.0,49.0,32.0,51.0
match_1768464395999,1,Away,A2,Pass,,,2,17,68.0,49.0,32.0,51.0
match_1768464395999,1,Away,A1,Reception,,Prog Reception,2,19,75.0,41.0,25.0,59.0
match_1768464395999,1,Away,A8,Dribble,,Prog Carry,2,20,75.0,41.0,25.0,59.0
match_1768464395999,1,Away,A6,Shot,Saved,,2,24,93.0,31.0,7.0,69.0
match_1768464395999,1,Home,H6,Pass,,Prog Pass,2,39,5.0,50.0,5.0,50.0
match_1768464395999,1,Home,H9,Reception,,Prog Reception,2,41,25.0,30.0,25.0,30.0
match_1768464395999,1,Home,H7,Dribble,,Prog Carry,2,42,25.0,30.0,25.0,30.0
match_1768464395999,1,Home,H9,Pass,,Prog Pass,2,43,35.0,55.0,35.0,55.0
match_1768464395999,1,Home,H11,Reception,,Prog Reception,2,45,54.0,31.0,54.0,31.0
match_1768464395999,1,Home,H3,Pass,,,2,46,54.0,31.0,54.0,31.0
match_1768464395999,1,Home,H9,Reception,,,2,48,51.0,14.0,51.0,14.0
match_1768464395999,1,Home,H2,Pass,,,2,49,51.0,14.0,51.0,14.0
match_1768464395999,1,Away,A1,Interception,,,2,51,44.0,67.0,44.0,67.0
match_1768464395999,1,Away,A10,Pass,,Prog Pass,2,53,44.0,67.0,56.0,33.0
match_1768464395999,1,Away,A6,Reception,,Prog Reception,2,55,56.0,48.0,44.0,52.0
match_1768464395999,1,Away,A8,Dribble,,,2,56,56.0,48.0,44.0,52.0
match_1768464395999,1,Away,A5,Pass,,,3,0,52.0,38.0,48.0,62.0
match_1768464395999,1,Away,A9,Reception,,,3,2,54.0,32.0,46.0,68.0
match_1768464395999,1,Away,A3,Pass,,Prog Pass,3,3,54.0,32.0,46.0,68.0
match_1768464395999,1,Away,A9,Reception,,Prog Reception,3,5,66.0,7.0,34.0,93.0
match_1768464395999,1,Away,A9,Pass,,Prog Pass,3,6,66.0,7.0,34.0,93.0
match_1768464395999,1,Away,A2,Reception,,Prog Reception,3,8,83.0,0.0,17.0,100.0
match_1768464395999,1,Away,A9,Pass,,Prog Pass,3,9,83.0,0.0,17.0,100.0
match_1768464395999,1,Away,A4,Reception,,Prog Reception,3,11,97.0,0.0,3.0,100.0
match_1768464395999,1,Away,A5,Pass,,,3,12,97.0,0.0,3.0,100.0
match_1768464395999,1,Away,A4,Reception,,Prog Reception,3,14,100.0,14.0,0.0,86.0
match_1768464395999,1,Away,A6,Dribble,,,3,15,100.0,14.0,0.0,86.0
match_1768464395999,1,Away,A2,Dribble,,,3,19,100.0,0.0,0.0,100.0
match_1768464395999,1,Away,A2,Dribble,,,3,22,100.0,24.0,0.0,76.0
match_1768464395999,1,Away,A3,Dribble,,,3,24,100.0,2.0,0.0,98.0
match_1768464395999,1,Away,A2,Pass,,,3,25,96.0,0.0,4.0,100.0
match_1768464395999,1,Away,A7,Reception,,,3,27,100.0,0.0,0.0,100.0
match_1768464395999,1,Away,A4,Shot,Blocked,,3,28,100.0,0.0,0.0,100.0
match_1768464395999,1,Home,H4,Pass,,Prog Pass,3,43,5.0,50.0,5.0,50.0
match_1768464395999,1,Home,H10,Reception,,Prog Reception,3,45,24.0,74.0,24.0,74.0
match_1768464395999,1,Home,H9,Dribble,,,3,46,24.0,74.0,24.0,74.0
match_1768464395999,1,Home,H11,Pass,,,3,47,24.0,63.0,24.0,63.0
match_1768464395999,1,Home,H5,Reception,,,3,49,20.0,55.0,20.0,55.0
match_1768464395999,1,Home,H9,Dribble,,Prog Carry,3,50,20.0,55.0,20.0,55.0
match_1768464395999,1,Home,H4,Dribble,,Prog Carry,3,51,32.0,34.0,32.0,34.0
match_1768464395999,1,Home,H6,Pass,,Prog Pass,3,55,49.0,16.0,49.0,16.0
match_1768464395999,1,Home,H10,Reception,,Prog Reception,3,57,64.0,25.0,64.0,25.0
match_1768464395999,1,Home,H5,Dribble,,,3,58,64.0,25.0,64.0,25.0
match_1768464395999,1,Home,H11,Pass,,,4,2,64.0,25.0,64.0,25.0
match_1768464395999,1,Home,H1,Reception,,,4,4,63.0,47.0,63.0,47.0
match_1768464395999,1,Home,H6,Pass,,,4,5,63.0,47.0,63.0,47.0
match_1768464395999,1,Home,H3,Reception,,Prog Reception,4,7,72.0,28.0,72.0,28.0
match_1768464395999,1,Home,H9,Pass,,,4,8,72.0,28.0,72.0,28.0
match_1768464395999,1,Home,H2,Reception,,Prog Reception,4,10,78.0,13.0,78.0,13.0
match_1768464395999,1,Home,H6,Pass,,Prog Pass,4,11,78.0,13.0,78.0,13.0
match_1768464395999,1,Away,A11,Interception,,,4,13,8.0,96.0,8.0,96.0
match_1768464395999,1,Away,A7,Pass,,,4,15,8.0,96.0,92.0,4.0
match_1768464395999,1,Home,H1,Interception,,,4,17,85.0,0.0,15.0,100.0
match_1768464395999,1,Home,H4,Pass,,Prog Pass,4,19,85.0,0.0,85.0,0.0
match_1768464395999,1,Home,H9,Reception,,Prog Reception,4,21,100.0,10.0,100.0,10.0
match_1768464395999,1,Home,H10,Shot,Goal,,4,22,100.0,10.0,100.0,10.0
match_1768464395999,1,Away,A11,Pass,,Prog Pass,4,37,50.0,50.0,50.0,50.0
match_1768464395999,1,Home,H10,Interception,,,4,39,31.0,55.0,69.0,45.0
match_1768464395999,1,Home,H8,Pass,,,4,41,31.0,55.0,31.0,55.0
match_1768464395999,1,Home,H4,Reception,,,4,43,37.0,47.0,37.0,47.0
match_1768464395999,1,Home,H5,Pass,,,4,44,37.0,47.0,37.0,47.0
match_1768464395999,1,Away,A8,Interception,,,4,46,50.0,75.0,50.0,75.0
match_1768464395999,1,Away,A7,Pass,,,4,48,50.0,75.0,50.0,25.0
match_1768464395999,1,Home,H10,Interception,,,4,50,47.0,34.0,53.0,66.0
match_1768464395999,1,Home,H8,Pass,,,4,52,47.0,34.0,47.0,34.0
match_1768464395999,1,Away,A7,Interception,,,4,54,54.0,43.0,54.0,43.0
match_1768464395999,1,Away,A10,Pass,,Prog Pass,4,56,54.0,43.0,46.0,57.0
match_1768464395999,1,Away,A2,Reception,,Prog Reception,4,58,65.0,25.0,35.0,75.0
match_1768464395999,1,Away,A2,Pass,,,4,59,65.0,25.0,35.0,75.0
match_1768464395999,1,Away,A3,Reception,,,4,61,64.0,0.0,36.0,100.0
match_1768464395999,1,Away,A4,Pass,,,5,2,64.0,0.0,36.0,100.0
match_1768464395999,1,Away,A7,Reception,,,5,4,69.0,0.0,31.0,100.0
match_1768464395999,1,Away,A6,Pass,,Prog Pass,5,5,69.0,0.0,31.0,100.0
match_1768464395999,1,Away,A2,Reception,,Prog Reception,5,7,86.0,21.0,14.0,79.0
match_1768464395999,1,Away,A10,Dribble,,,5,8,86.0,21.0,14.0,79.0
match_1768464395999,1,Away,A11,Pass,,Prog Pass,5,9,82.0,19.0,18.0,81.0
match_1768464395999,1,Away,A3,Reception,,Prog Reception,5,11,97.0,18.0,3.0,82.0
match_1768464395999,1,Away,A6,Dribble,,,5,12,97.0,18.0,3.0,82.0
match_1768464395999,1,Away,A2,Dribble,,,5,14,96.0,5.0,4.0,95.0
match_1768464395999,1,Away,A10,Shot,Saved,,5,16,100.0,5.0,0.0,95.0
match_1768464395999,1,Home,H7,Dribble,,,5,31,5.0,50.0,5.0,50.0
match_1768464395999,1,Home,H1,Pass,,,5,34,5.0,51.0,5.0,51.0
match_1768464395999,1,Home,H2,Reception,,,5,36,6.0,52.0,6.0,52.0
match_1768464395999,1,Home,H11,Pass,,,5,37,6.0,52.0,6.0,52.0
match_1768464395999,1,Home,H1,Reception,,,5,39,15.0,47.0,15.0,47.0
match_1768464395999,1,Home,H1,Pass,,,5,40,15.0,47.0,15.0,47.0
match_1768464395999,1,Away,A3,Interception,,,5,42,71.0,38.0,71.0,38.0
match_1768464395999,1,Away,A3,Pass,,Prog Pass,5,44,71.0,38.0,29.0,62.0
match_1768464395999,1,Away,A9,Reception,,Prog Reception,5,46,91.0,49.0,9.0,51.0
match_1768464395999,1,Away,A9,Dribble,,,5,47,91.0,49.0,9.0,51.0
match_1768464395999,1,Away,A9,Dribble,,,5,48,100.0,55.0,0.0,45.0
match_1768464395999,1,Away,A2,Dribble,,,5,52,100.0,30.0,0.0,70.0
match_1768464395999,1,Away,A8,Pass,,,5,56,100.0,50.0,0.0,50.0
match_1768464395999,1,Home,H2,Interception,,,5,58,0.0,25.0,100.0,75.0
match_1768464395999,1,Home,H5,Pass,,,6,0,0.0,25.0,0.0,25.0
match_1768464395999,1,Home,H7,Reception,,,6,2,0.0,37.0,0.0,37.0
match_1768464395999,1,Home,H4,Pass,,,6,3,0.0,37.0,0.0,37.0
match_1768464395999,1,Away,A9,Interception,,,6,5,100.0,44.0,100.0,44.0
match_1768464395999,1,Away,A7,Shot,Saved,,6,7,100.0,44.0,0.0,56.0
match_1768464395999,1,Home,H5,Dribble,,Prog Carry,6,22,5.0,50.0,5.0,50.0
match_1768464395999,1,Home,H9,Pass,,,6,25,22.0,68.0,22.0,68.0
match_1768464395999,1,Home,H10,Reception,,,6,27,21.0,78.0,21.0,78.0
match_1768464395999,1,Home,H11,Pass,,,6,28,21.0,78.0,21.0,78.0
match_1768464395999,1,Home,H3,Reception,,,6,30,34.0,61.0,34.0,61.0
match_1768464395999,1,Home,H3,Pass,,,6,31,34.0,61.0,34.0,61.0
match_1768464395999,1,Home,H6,Reception,,,6,33,32.0,72.0,32.0,72.0
match_1768464395999,1,Home,H6,Pass,,,6,34,32.0,72.0,32.0,72.0
match_1768464395999,1,Home,H10,Reception,,,6,36,34.0,89.0,34.0,89.0
match_1768464395999,1,Home,H8,Pass,,Prog Pass,6,37,34.0,89.0,34.0,89.0
match_1768464395999,1,Home,H9,Reception,,Prog Reception,6,39,51.0,74.0,51.0,74.0
match_1768464395999,1,Home,H7,Pass,,,6,40,51.0,74.0,51.0,74.0
match_1768464395999,1,Home,H10,Reception,,,6,42,49.0,58.0,49.0,58.0
match_1768464395999,1,Home,H7,Dribble,,Prog Carry,6,43,49.0,58.0,49.0,58.0
match_1768464395999,1,Home,H8,Pass,,Prog Pass,6,46,52.0,48.0,52.0,48.0
match_1768464395999,1,Away,A1,Interception,,,6,48,29.0,36.0,29.0,36.0
match_1768464395999,1,Away,A1,Dribble,,,6,50,29.0,36.0,71.0,64.0
match_1768464395999,1,Away,A2,Pass,,Prog Pass,6,54,27.0,55.0,73.0,45.0
match_1768464395999,1,Away,A3,Reception,,Prog Reception,6,56,43.0,35.0,57.0,65.0
match_1768464395999,1,Away,A8,Pass,,,6,57,43.0,35.0,57.0,65.0
match_1768464395999,1,Home,H7,Interception,,,6,59,58.0,85.0,42.0,15.0
match_1768464395999,1,Home,H10,Pass,,,7,1,58.0,85.0,58.0,85.0
match_1768464395999,1,Home,H7,Reception,,,7,3,55.0,95.0,55.0,95.0
match_1768464395999,1,Home,H3,Pass,,,7,4,55.0,95.0,55.0,95.0
match_1768464395999,1,Home,H10,Reception,,,7,6,54.0,100.0,54.0,100.0
match_1768464395999,1,Home,H8,Pass,,Prog Pass,7,7,54.0,100.0,54.0,100.0
match_1768464395999,1,Away,A10,Interception,,,7,9,31.0,0.0,31.0,0.0
match_1768464395999,1,Away,A7,Pass,,,7,11,31.0,0.0,69.0,100.0
match_1768464395999,1,Away,A9,Reception,,,7,13,42.0,0.0,58.0,100.0
match_1768464395999,1,Away,A7,Dribble,,Prog Carry,7,14,42.0,0.0,58.0,100.0
match_1768464395999,1,Away,A10,Pass,,,7,17,59.0,0.0,41.0,100.0
match_1768464395999,1,Away,A5,Reception,,,7,19,68.0,0.0,32.0,100.0
match_1768464395999,1,Away,A5,Pass,,,7,20,68.0,0.0,32.0,100.0
match_1768464395999,1,Away,A3,Reception,,,7,22,77.0,0.0,23.0,100.0
match_1768464395999,1,Away,A2,Dribble,,Prog Carry,7,23,77.0,0.0,23.0,100.0
match_1768464395999,1,Away,A8,Pass,,Prog Pass,7,24,88.0,0.0,12.0,100.0
match_1768464395999,1,Home,H8,Interception,,,7,26,2.0,96.0,98.0,4.0
match_1768464395999,1,Home,H10,Pass,,Prog Pass,7,28,2.0,96.0,2.0,96.0
match_1768464395999,1,Away,A5,Interception,,,7,30,81.0,11.0,81.0,11.0
match_1768464395999,1,Away,A6,Dribble,,,7,32,81.0,11.0,19.0,89.0
match_1768464395999,1,Away,A9,Dribble,,Prog Carry,7,34,77.0,0.0,23.0,100.0
match_1768464395999,1,Away,A3,Pass,,,7,37,92.0,23.0,8.0,77.0
match_1768464395999,1,Away,A6,Reception,,Prog Reception,7,39,100.0,30.0,0.0,70.0
match_1768464395999,1,Away,A6,Dribble,,,7,40,100.0,30.0,0.0,70.0
match_1768464395999,1,Away,A10,Pass,,,7,43,100.0,46.0,0.0,54.0
match_1768464395999,1,Away,A8,Reception,,,7,45,100.0,51.0,0.0,49.0
match_1768464395999,1,Away,A9,Dribble,,,7,46,100.0,51.0,0.0,49.0
match_1768464395999,1,Away,A3,Cross,,,7,47,98.0,5.0,2.0,95.0
match_1768464395999,1,Away,A2,Dribble,,,7,49,95.0,50.0,5.0,50.0
match_1768464395999,1,Away,A4,Pass,,,7,52,100.0,61.0,0.0,39.0
match_1768464395999,1,Away,A2,Reception,,,7,54,100.0,53.0,0.0,47.0
match_1768464395999,1,Away,A7,Shot,Goal,,7,55,100.0,53.0,0.0,47.0
match_1768464395999,1,Home,H6,Pass,,,8,10,50.0,50.0,50.0,50.0
match_1768464395999,1,Home,H7,Reception,,,8,12,50.0,34.0,50.0,34.0
match_1768464395999,1,Home,H10,Pass,,Prog Pass,8,13,50.0,34.0,50.0,34.0
match_1768464395999,1,Home,H8,Reception,,Prog Reception,8,15,62.0,9.0,62.0,9.0
match_1768464395999,1,Home,H9,Dribble,,,8,16,62.0,9.0,62.0,9.0
match_1768464395999,1,Home,H5,Pass,,Prog Pass,8,20,60.0,0.0,60.0,0.0
match_1768464395999,1,Home,H2,Reception,,Prog Reception,8,22,72.0,5.0,72.0,5.0
match_1768464395999,1,Home,H7,Pass,,Prog Pass,8,23,72.0,5.0,72.0,5.0
match_1768464395999,1,Home,H1,Reception,,Prog Reception,8,25,84.0,0.0,84.0,0.0
match_1768464395999,1,Home,H10,Dribble,,Prog Carry,8,26,84.0,0.0,84.0,0.0
match_1768464395999,1,Home,H7,Pass,,,8,29,97.0,0.0,97.0,0.0
match_1768464395999,1,Home,H2,Reception,,,8,31,100.0,0.0,100.0,0.0
match_1768464395999,1,Home,H4,Cross,,,8,32,100.0,95.0,100.0,95.0
match_1768464395999,1,Home,H6,Cross,,,8,34,95.0,5.0,95.0,5.0
match_1768464395999,1,Home,H2,Pass,,,8,36,95.0,50.0,95.0,50.0
match_1768464395999,1,Home,H9,Reception,,Prog Reception,8,38,100.0,74.0,100.0,74.0
match_1768464395999,1,Home,H9,Shot,Saved,,8,39,100.0,74.0,100.0,74.0
match_1768464395999,1,Away,A8,Pass,,,8,54,5.0,50.0,95.0,50.0
match_1768464395999,1,Home,H3,Interception,,,8,56,82.0,37.0,18.0,63.0
match_1768464395999,1,Home,H11,Dribble,,Prog Carry,8,58,82.0,37.0,82.0,37.0
match_1768464395999,1,Home,H2,Dribble,,,9,0,94.0,37.0,94.0,37.0
match_1768464395999,1,Home,H4,Shot,Off Target,,9,4,100.0,16.0,100.0,16.0
match_1768464395999,1,Away,A2,Dribble,,Prog Carry,9,19,5.0,50.0,95.0,50.0
match_1768464395999,1,Away,A6,Dribble,,,9,22,22.0,59.0,78.0,41.0
match_1768464395999,1,Away,A11,Pass,,,9,25,21.0,70.0,79.0,30.0
match_1768464395999,1,Away,A10,Reception,,,9,27,23.0,56.0,77.0,44.0
match_1768464395999,1,Away,A10,Pass,,,9,28,23.0,56.0,77.0,44.0
match_1768464395999,1,Away,A1,Reception,,,9,30,36.0,41.0,64.0,59.0
match_1768464395999,1,Away,A3,Pass,,Prog Pass,9,31,36.0,41.0,64.0,59.0
match_1768464395999,1,Away,A8,Reception,,Prog Reception,9,33,56.0,51.0,44.0,49.0
match_1768464395999,1,Away,A2,Pass,,,9,34,56.0,51.0,44.0,49.0
match_1768464395999,1,Away,A9,Reception,,,9,36,53.0,59.0,47.0,41.0
match_1768464395999,1,Away,A2,Pass,,Prog Pass,9,37,53.0,59.0,47.0,41.0
match_1768464395999,1,Away,A11,Reception,,Prog Reception,9,39,72.0,59.0,28.0,41.0
match_1768464395999,1,Away,A3,Pass,,,9,40,72.0,59.0,28.0,41.0
match_1768464395999,1,Away,A4,Reception,,,9,42,78.0,53.0,22.0,47.0
match_1768464395999,1,Away,A7,Pass,,Prog Pass,9,43,78.0,53.0,22.0,47.0
match_1768464395999,1,Home,H11,Interception,,,9,45,16.0,29.0,84.0,71.0
match_1768464395999,1,Home,H2,Pass,,,9,47,16.0,29.0,16.0,29.0
match_1768464395999,1,Home,H10,Reception,,,9,49,21.0,29.0,21.0,29.0
match_1768464395999,1,Home,H11,Pass,,,9,50,21.0,29.0,21.0,29.0
match_1768464395999,1,Away,A9,Interception,,,9,52,81.0,69.0,81.0,69.0
match_1768464395999,1,Away,A5,Shot,Saved,,9,54,81.0,69.0,19.0,31.0
match_1768464395999,1,Home,H7,Pass,,,10,9,5.0,50.0,5.0,50.0
match_1768464395999,1,Home,H3,Reception,,,10,11,6.0,49.0,6.0,49.0
match_1768464395999,1,Home,H9,Pass,,,10,12,6.0,49.0,6.0,49.0
match_1768464395999,1,Home,H11,Reception,,,10,14,3.0,37.0,3.0,37.0
match_1768464395999,1,Home,H5,Pass,,,10,15,3.0,37.0,3.0,37.0
match_1768464395999,1,Home,H9,Reception,,,10,17,0.0,26.0,0.0,26.0
match_1768464395999,1,Home,H3,Pass,,,10,18,0.0,26.0,0.0,26.0
match_1768464395999,1,Home,H8,Reception,,,10,20,0.0,10.0,0.0,10.0
match_1768464395999,1,Home,H6,Pass,,,10,21,0.0,10.0,0.0,10.0
match_1768464395999,1,Home,H5,Reception,,,10,23,1.0,1.0,1.0,1.0
match_1768464395999,1,Home,H9,Dribble,,Prog Carry,10,24,1.0,1.0,1.0,1.0
match_1768464395999,1,Home,H9,Pass,,,10,25,15.0,25.0,15.0,25.0
match_1768464395999,1,Home,H7,Reception,,,10,27,15.0,22.0,15.0,22.0
match_1768464395999,1,Home,H8,Pass,,,10,28,15.0,22.0,15.0,22.0
match_1768464395999,1,Home,H4,Reception,,,10,30,14.0,28.0,14.0,28.0
match_1768464395999,1,Home,H11,Pass,,,10,31,14.0,28.0,14.0,28.0
match_1768464395999,1,Home,H5,Reception,,,10,33,17.0,33.0,17.0,33.0
match_1768464395999,1,Home,H1,Pass,,,10,34,17.0,33.0,17.0,33.0
match_1768464395999,1,Away,A2,Interception,,,10,36,69.0,52.0,69.0,52.0
match_1768464395999,1,Away,A6,Pass,,,10,38,69.0,52.0,31.0,48.0
match_1768464395999,1,Away,A9,Reception,,,10,40,64.0,42.0,36.0,58.0
match_1768464395999,1,Away,A10,Pass,,,10,41,64.0,42.0,36.0,58.0
match_1768464395999,1,Away,A4,Reception,,,10,43,60.0,67.0,40.0,33.0
match_1768464395999,1,Away,A7,Pass,,,10,44,60.0,67.0,40.0,33.0
match_1768464395999,1,Home,H8,Interception,,,10,46,39.0,11.0,61.0,89.0
match_1768464395999,1,Home,H7,Pass,,,10,48,39.0,11.0,39.0,11.0
match_1768464395999,1,Home,H5,Reception,,,10,50,40.0,0.0,40.0,0.0
match_1768464395999,1,Home,H3,Dribble,,,10,51,40.0,0.0,40.0,0.0
match_1768464395999,1,Home,H7,Pass,,,10,55,39.0,0.0,39.0,0.0
match_1768464395999,1,Home,H10,Reception,,,10,57,50.0,0.0,50.0,0.0
match_1768464395999,1,Home,H3,Dribble,,Prog Carry,10,58,50.0,0.0,50.0,0.0
match_1768464395999,1,Home,H6,Pass,,,11,2,66.0,9.0,66.0,9.0
match_1768464395999,1,Home,H9,Reception,,Prog Reception,11,4,71.0,0.0,71.0,0.0
match_1768464395999,1,Home,H3,Pass,,,11,5,71.0,0.0,71.0,0.0
match_1768464395999,1,Home,H5,Reception,,,11,7,74.0,4.0,74.0,4.0
match_1768464395999,1,Home,H9,Dribble,,,11,8,74.0,4.0,74.0,4.0
match_1768464395999,1,Home,H10,Pass,,,11,9,71.0,15.0,71.0,15.0
match_1768464395999,1,Home,H1,Reception,,Prog Reception,11,11,77.0,1.0,77.0,1.0
match_1768464395999,1,Home,H3,Pass,,,11,12,77.0,1.0,77.0,1.0
match_1768464395999,1,Away,A10,Interception,,,11,14,20.0,80.0,20.0,80.0
match_1768464395999,1,Away,A3,Dribble,,,11,16,20.0,80.0,80.0,20.0
match_1768464395999,1,Away,A2,Pass,,,11,17,22.0,90.0,78.0,10.0
match_1768464395999,1,Away,A3,Reception,,,11,19,19.0,100.0,81.0,0.0
match_1768464395999,1,Away,A11,Pass,,,11,20,19.0,100.0,81.0,0.0
match_1768464395999,1,Home,H11,Interception,,,11,22,80.0,16.0,20.0,84.0
match_1768464395999,1,Home,H6,Dribble,,,11,24,80.0,16.0,80.0,16.0
match_1768464395999,1,Home,H9,Dribble,,Prog Carry,11,28,83.0,32.0,83.0,32.0
match_1768464395999,1,Home,H2,Pass,,,11,29,100.0,52.0,100.0,52.0
match_1768464395999,1,Away,A3,Interception,,,11,31,0.0,27.0,0.0,27.0
match_1768464395999,1,Away,A7,Pass,,,11,33,0.0,27.0,100.0,73.0
match_1768464395999,1,Away,A4,Reception,,,11,35,0.0,14.0,100.0,86.0
match_1768464395999,1,Away,A8,Pass,,,11,36,0.0,14.0,100.0,86.0
match_1768464395999,1,Away,A3,Reception,,,11,38,0.0,0.0,100.0,100.0
match_1768464395999,1,Away,A5,Dribble,,,11,39,0.0,0.0,100.0,100.0
match_1768464395999,1,Away,A9,Pass,,,11,42,0.0,3.0,100.0,97.0
match_1768464395999,1,Home,H3,Interception,,,11,44,100.0,98.0,0.0,2.0
match_1768464395999,1,Home,H7,Cross,,,11,46,100.0,5.0,100.0,5.0
match_1768464395999,1,Away,A2,Pass,,,11,49,15.0,50.0,85.0,50.0
match_1768464395999,1,Away,A1,Reception,,,11,51,23.0,53.0,77.0,47.0
match_1768464395999,1,Away,A6,Pass,,,11,52,23.0,53.0,77.0,47.0
match_1768464395999,1,Away,A4,Reception,,,11,54,35.0,45.0,65.0,55.0
match_1768464395999,1,Away,A8,Dribble,,,11,55,35.0,45.0,65.0,55.0
match_1768464395999,1,Away,A11,Pass,,Prog Pass,11,58,36.0,58.0,64.0,42.0
match_1768464395999,1,Away,A10,Reception,,Prog Reception,11,60,55.0,66.0,45.0,34.0
match_1768464395999,1,Away,A4,Pass,,Prog Pass,12,1,55.0,66.0,45.0,34.0
match_1768464395999,1,Away,A11,Reception,,Prog Reception,12,3,66.0,78.0,34.0,22.0
match_1768464395999,1,Away,A10,Pass,,,12,4,66.0,78.0,34.0,22.0
match_1768464395999,1,Away,A11,Reception,,Prog Reception,12,6,74.0,96.0,26.0,4.0
match_1768464395999,1,Away,A11,Pass,,Prog Pass,12,7,74.0,96.0,26.0,4.0
match_1768464395999,1,Away,A10,Reception,,Prog Reception,12,9,93.0,100.0,7.0,0.0
match_1768464395999,1,Away,A7,Pass,,,12,10,93.0,100.0,7.0,0.0
match_1768464395999,1,Away,A2,Reception,,,12,12,100.0,100.0,0.0,0.0
match_1768464395999,1,Away,A6,Dribble,,,12,13,100.0,100.0,0.0,0.0
match_1768464395999,1,Away,A6,Pass,,,12,16,100.0,92.0,0.0,8.0
match_1768464395999,1,Away,A5,Reception,,Prog Reception,12,18,100.0,72.0,0.0,28.0
match_1768464395999,1,Away,A7,Dribble,,,12,19,100.0,72.0,0.0,28.0
match_1768464395999,1,Away,A4,Pass,,,12,23,100.0,49.0,0.0,51.0
match_1768464395999,1,Away,A7,Reception,,,12,25,100.0,51.0,0.0,49.0
match_1768464395999,1,Away,A5,Pass,,,12,26,100.0,51.0,0.0,49.0
match_1768464395999,1,Away,A11,Reception,,,12,28,97.0,49.0,3.0,51.0
match_1768464395999,1,Away,A2,Pass,,,12,29,97.0,49.0,3.0,51.0
match_1768464395999,1,Away,A6,Reception,,Prog Reception,12,31,100.0,59.0,0.0,41.0
match_1768464395999,1,Away,A5,Dribble,,,12,32,100.0,59.0,0.0,41.0
match_1768464395999,1,Away,A6,Cross,,,12,33,96.0,5.0,4.0,95.0
match_1768464395999,1,Away,A11,Dribble,,,12,35,95.0,50.0,5.0,50.0
match_1768464395999,1,Away,A5,Cross,,,12,39,100.0,5.0,0.0,95.0
match_1768464395999,1,Home,H5,Pass,,,12,42,15.0,50.0,15.0,50.0
match_1768464395999,1,Home,H4,Reception,,,12,44,16.0,43.0,16.0,43.0
match_1768464395999,1,Home,H10,Pass,,,12,45,16.0,43.0,16.0,43.0
match_1768464395999,1,Home,H5,Reception,,,12,47,15.0,57.0,15.0,57.0
match_1768464395999,1,Home,H1,Pass,,Prog Pass,12,48,15.0,57.0,15.0,57.0
match_1768464395999,1,Home,H5,Reception,,Prog Reception,12,50,34.0,79.0,34.0,79.0
match_1768464395999,1,Home,H11,Pass,,Prog Pass,12,51,34.0,79.0,34.0,79.0
match_1768464395999,1,Away,A2,Interception,,,12,53,49.0,38.0,49.0,38.0
match_1768464395999,1,Away,A9,Pass,,,12,55,49.0,38.0,51.0,62.0
match_1768464395999,1,Away,A2,Reception,,,12,57,55.0,43.0,45.0,57.0
match_1768464395999,1,Away,A2,Pass,,,12,58,55.0,43.0,45.0,57.0
match_1768464395999,1,Away,A8,Reception,,,12,60,61.0,32.0,39.0,68.0
match_1768464395999,1,Away,A2,Pass,,Prog Pass,13,1,61.0,32.0,39.0,68.0
match_1768464395999,1,Away,A5,Reception,,Prog Reception,13,3,71.0,48.0,29.0,52.0
match_1768464395999,1,Away,A6,Pass,,Prog Pass,13,4,71.0,48.0,29.0,52.0
match_1768464395999,1,Away,A11,Reception,,Prog Reception,13,6,87.0,24.0,13.0,76.0
match_1768464395999,1,Away,A7,Dribble,,,13,7,87.0,24.0,13.0,76.0
match_1768464395999,1,Away,A7,Cross,,,13,11,91.0,95.0,9.0,5.0
match_1768464395999,1,Away,A8,Dribble,,,13,13,95.0,50.0,5.0,50.0
match_1768464395999,1,Away,A8,Pass,,,13,14,100.0,37.0,0.0,63.0
match_1768464395999,1,Away,A4,Reception,,Prog Reception,13,16,100.0,24.0,0.0,76.0
match_1768464395999,1,Away,A3,Pass,,,13,17,100.0,24.0,0.0,76.0
match_1768464395999,1,Away,A4,Reception,,,13,19,100.0,26.0,0.0,74.0
match_1768464395999,1,Away,A5,Dribble,,,13,20,100.0,26.0,0.0,74.0
match_1768464395999,1,Away,A7,Cross,,,13,24,100.0,95.0,0.0,5.0
match_1768464395999,1,Home,H6,Pass,,,13,27,15.0,50.0,15.0,50.0
match_1768464395999,1,Home,H11,Reception,,,13,29,28.0,25.0,28.0,25.0
match_1768464395999,1,Home,H10,Pass,,,13,30,28.0,25.0,28.0,25.0
match_1768464395999,1,Home,H3,Reception,,,13,32,27.0,28.0,27.0,28.0
match_1768464395999,1,Home,H8,Pass,,Prog Pass,13,33,27.0,28.0,27.0,28.0
match_1768464395999,1,Away,A10,Interception,,,13,35,57.0,52.0,57.0,52.0
match_1768464395999,1,Away,A5,Pass,,,13,37,57.0,52.0,43.0,48.0
match_1768464395999,1,Away,A6,Reception,,,13,39,59.0,68.0,41.0,32.0
match_1768464395999,1,Away,A5,Dribble,,Prog Carry,13,40,59.0,68.0,41.0,32.0
match_1768464395999,1,Away,A5,Pass,,Prog Pass,13,42,72.0,46.0,28.0,54.0
match_1768464395999,1,Away,A11,Reception,,Prog Reception,13,44,85.0,31.0,15.0,69.0
match_1768464395999,1,Away,A11,Pass,,Prog Pass,13,45,85.0,31.0,15.0,69.0
match_1768464395999,1,Home,H4,Interception,,,13,47,0.0,76.0,100.0,24.0
match_1768464395999,1,Home,H11,Dribble,,,13,49,0.0,76.0,0.0,76.0
match_1768464395999,1,Home,H7,Dribble,,,13,53,0.0,79.0,0.0,79.0
match_1768464395999,1,Home,H1,Pass,,,13,54,0.0,59.0,0.0,59.0
match_1768464395999,1,Home,H6,Reception,,,13,56,0.0,51.0,0.0,51.0
match_1768464395999,1,Home,H6,Pass,,,13,57,0.0,51.0,0.0,51.0
match_1768464395999,1,Home,H9,Reception,,,13,59,5.0,28.0,5.0,28.0
match_1768464395999,1,Home,H4,Pass,,,14,0,5.0,28.0,5.0,28.0
match_1768464395999,1,Home,H9,Reception,,,14,2,9.0,10.0,9.0,10.0
match_1768464395999,1,Home,H10,Pass,,,14,3,9.0,10.0,9.0,10.0
match_1768464395999,1,Home,H3,Reception,,,14,5,9.0,24.0,9.0,24.0
match_1768464395999,1,Home,H2,Pass,,,14,6,9.0,24.0,9.0,24.0
match_1768464395999,1,Home,H11,Reception,,,14,8,19.0,26.0,19.0,26.0
match_1768464395999,1,Home,H10,Pass,,,14,9,19.0,26.0,19.0,26.0
match_1768464395999,1,Home,H3,Reception,,,14,11,24.0,30.0,24.0,30.0
match_1768464395999,1,Home,H9,Dribble,,,14,12,24.0,30.0,24.0,30.0
match_1768464395999,1,Home,H8,Dribble,,,14,16,27.0,24.0,27.0,24.0
match_1768464395999,1,Home,H5,Dribble,,Prog Carry,14,17,34.0,26.0,34.0,26.0
match_1768464395999,1,Home,H11,Pass,,Prog Pass,14,20,52.0,36.0,52.0,36.0
match_1768464395999,1,Away,A6,Interception,,,14,22,34.0,81.0,34.0,81.0
match_1768464395999,1,Away,A4,Pass,,,14,24,34.0,81.0,66.0,19.0
match_1768464395999,1,Away,A11,Reception,,,14,26,43.0,95.0,57.0,5.0
match_1768464395999,1,Away,A9,Pass,,,14,27,43.0,95.0,57.0,5.0
match_1768464395999,1,Away,A8,Reception,,,14,29,48.0,84.0,52.0,16.0
match_1768464395999,1,Away,A3,Dribble,,Prog Carry,14,30,48.0,84.0,52.0,16.0
match_1768464395999,1,Away,A2,Pass,,Prog Pass,14,32,51.0,100.0,49.0,0.0
match_1768464395999,1,Away,A1,Reception,,Prog Reception,14,34,62.0,100.0,38.0,0.0
match_1768464395999,1,Away,A5,Dribble,,,14,35,62.0,100.0,38.0,0.0
match_1768464395999,1,Away,A7,Pass,,,14,36,64.0,98.0,36.0,2.0
match_1768464395999,1,Away,A4,Reception,,,14,38,64.0,90.0,36.0,10.0
match_1768464395999,1,Away,A5,Pass,,,14,39,64.0,90.0,36.0,10.0
match_1768464395999,1,Home,H2,Interception,,,14,41,27.0,2.0,73.0,98.0
match_1768464395999,1,Home,H3,Pass,,,14,43,27.0,2.0,27.0,2.0
match_1768464395999,1,Home,H10,Reception,,,14,45,28.0,9.0,28.0,9.0
match_1768464395999,1,Home,H6,Pass,,,14,46,28.0,9.0,28.0,9.0
match_1768464395999,1,Home,H7,Reception,,,14,48,28.0,0.0,28.0,0.0
match_1768464395999,1,Home,H9,Pass,,,14,49,28.0,0.0,28.0,0.0
match_1768464395999,1,Home,H10,Reception,,,14,51,33.0,13.0,33.0,13.0
match_1768464395999,1,Home,H6,Pass,,,14,52,33.0,13.0,33.0,13.0
match_1768464395999,1,Home,H3,Reception,,,14,54,44.0,37.0,44.0,37.0
match_1768464395999,1,Home,H8,Pass,,,14,55,44.0,37.0,44.0,37.0
match_1768464395999,1,Home,H6,Reception,,,14,57,40.0,42.0,40.0,42.0
match_1768464395999,1,Home,H2,Pass,,,14,58,40.0,42.0,40.0,42.0
match_1768464395999,1,Home,H5,Reception,,,14,60,48.0,62.0,48.0,62.0
match_1768464395999,1,Home,H7,Pass,,,15,1,48.0,62.0,48.0,62.0
match_1768464395999,1,Home,H2,Reception,,,15,3,51.0,50.0,51.0,50.0
match_1768464395999,1,Home,H9,Pass,,Prog Pass,15,4,51.0,50.0,51.0,50.0
match_1768464395999,1,Home,H7,Reception,,Prog Reception,15,6,62.0,61.0,62.0,61.0
match_1768464395999,1,Home,H5,Pass,,,15,7,62.0,61.0,62.0,61.0
match_1768464395999,1,Home,H3,Reception,,,15,9,70.0,44.0,70.0,44.0
match_1768464395999,1,Home,H11,Pass,,,15,10,70.0,44.0,70.0,44.0
match_1768464395999,1,Home,H9,Reception,,,15,12,70.0,36.0,70.0,36.0
match_1768464395999,1,Home,H8,Pass,,,15,13,70.0,36.0,70.0,36.0
match_1768464395999,1,Home,H11,Reception,,,15,15,66.0,22.0,66.0,22.0
match_1768464395999,1,Home,H8,Pass,,,15,16,66.0,22.0,66.0,22.0
match_1768464395999,1,Home,H11,Reception,,Prog Reception,15,18,72.0,40.0,72.0,40.0
match_1768464395999,1,Home,H5,Pass,,,15,19,72.0,40.0,72.0,40.0
match_1768464395999,1,Home,H3,Reception,,Prog Reception,15,21,72.0,21.0,72.0,21.0
match_1768464395999,1,Home,H7,Pass,,Prog Pass,15,22,72.0,21.0,72.0,21.0
match_1768464395999,1,Away,A5,Interception,,,15,24,12.0,100.0,12.0,100.0
match_1768464395999,1,Away,A3,Pass,,,15,26,12.0,100.0,88.0,0.0
match_1768464395999,1,Away,A8,Reception,,,15,28,22.0,100.0,78.0,0.0
match_1768464395999,1,Away,A7,Pass,,,15,29,22.0,100.0,78.0,0.0
match_1768464395999,1,Away,A10,Reception,,,15,31,24.0,85.0,76.0,15.0
match_1768464395999,1,Away,A1,Pass,,,15,32,24.0,85.0,76.0,15.0
match_1768464395999,1,Away,A5,Reception,,,15,34,22.0,100.0,78.0,0.0
match_1768464395999,1,Away,A2,Pass,,,15,35,22.0,100.0,78.0,0.0
match_1768464395999,1,Away,A5,Reception,,,15,37,23.0,100.0,77.0,0.0
match_1768464395999,1,Away,A4,Pass,,,15,38,23.0,100.0,77.0,0.0
match_1768464395999,1,Away,A3,Reception,,,15,40,28.0,100.0,72.0,0.0
match_1768464395999,1,Away,A4,Pass,,,15,41,28.0,100.0,72.0,0.0
match_1768464395999,1,Away,A3,Reception,,,15,43,29.0,100.0,71.0,0.0
match_1768464395999,1,Away,A8,Pass,,,15,44,29.0,100.0,71.0,0.0
match_1768464395999,1,Away,A5,Reception,,,15,46,38.0,100.0,62.0,0.0
match_1768464395999,1,Away,A11,Pass,,,15,47,38.0,100.0,62.0,0.0
match_1768464395999,1,Away,A2,Reception,,,15,49,45.0,84.0,55.0,16.0
match_1768464395999,1,Away,A9,Pass,,,15,50,45.0,84.0,55.0,16.0
match_1768464395999,1,Away,A6,Reception,,,15,52,41.0,67.0,59.0,33.0
match_1768464395999,1,Away,A8,Pass,,,15,53,41.0,67.0,59.0,33.0
match_1768464395999,1,Home,H1,Interception,,,15,55,59.0,58.0,41.0,42.0
match_1768464395999,1,Home,H7,Pass,,Prog Pass,15,57,59.0,58.0,59.0,58.0
match_1768464395999,1,Away,A7,Interception,,,15,59,24.0,57.0,24.0,57.0
match_1768464395999,1,Away,A10,Pass,,Prog Pass,16,1,24.0,57.0,76.0,43.0
match_1768464395999,1,Away,A1,Reception,,Prog Reception,16,3,43.0,65.0,57.0,35.0
match_1768464395999,1,Away,A9,Pass,,,16,4,43.0,65.0,57.0,35.0
match_1768464395999,1,Away,A8,Reception,,,16,6,46.0,56.0,54.0,44.0
match_1768464395999,1,Away,A4,Dribble,,,16,7,46.0,56.0,54.0,44.0
match_1768464395999,1,Away,A6,Dribble,,Prog Carry,16,8,41.0,79.0,59.0,21.0
match_1768464395999,1,Away,A2,Pass,,,16,9,56.0,90.0,44.0,10.0
match_1768464395999,1,Home,H4,Interception,,,16,11,38.0,32.0,62.0,68.0
match_1768464395999,1,Home,H3,Pass,,,16,13,38.0,32.0,38.0,32.0
match_1768464395999,1,Home,H8,Reception,,,16,15,40.0,52.0,40.0,52.0
match_1768464395999,1,Home,H11,Pass,,,16,16,40.0,52.0,40.0,52.0
match_1768464395999,1,Home,H8,Reception,,,16,18,56.0,76.0,56.0,76.0
match_1768464395999,1,Home,H5,Dribble,,Prog Carry,16,19,56.0,76.0,56.0,76.0
match_1768464395999,1,Home,H2,Pass,,Prog Pass,16,21,69.0,55.0,69.0,55.0
match_1768464395999,1,Away,A3,Interception,,,16,23,11.0,59.0,11.0,59.0
match_1768464395999,1,Away,A11,Pass,,,16,25,11.0,59.0,89.0,41.0
match_1768464395999,1,Away,A4,Reception,,,16,27,15.0,62.0,85.0,38.0
match_1768464395999,1,Away,A5,Pass,,Prog Pass,16,28,15.0,62.0,85.0,38.0
match_1768464395999,1,Away,A8,Reception,,Prog Reception,16,30,30.0,53.0,70.0,47.0
match_1768464395999,1,Away,A7,Pass,,,16,31,30.0,53.0,70.0,47.0
match_1768464395999,1,Away,A2,Reception,,,16,33,43.0,63.0,57.0,37.0
match_1768464395999,1,Away,A3,Pass,,Prog Pass,16,34,43.0,63.0,57.0,37.0
match_1768464395999,1,Away,A1,Reception,,Prog Reception,16,36,54.0,58.0,46.0,42.0
match_1768464395999,1,Away,A2,Pass,,Prog Pass,16,37,54.0,58.0,46.0,42.0
match_1768464395999,1,Away,A11,Reception,,Prog Reception,16,39,71.0,44.0,29.0,56.0
match_1768464395999,1,Away,A8,Pass,,,16,40,71.0,44.0,29.0,56.0
match_1768464395999,1,Away,A10,Reception,,,16,42,66.0,33.0,34.0,67.0
match_1768464395999,1,Away,A11,Pass,,Prog Pass,16,43,66.0,33.0,34.0,67.0
match_1768464395999,1,Away,A6,Reception,,Prog Reception,16,45,77.0,35.0,23.0,65.0
match_1768464395999,1,Away,A6,Dribble,,Prog Carry,16,46,77.0,35.0,23.0,65.0
match_1768464395999,1,Away,A5,Dribble,,,16,50,95.0,60.0,5.0,40.0
match_1768464395999,1,Away,A8,Pass,,,16,51,100.0,78.0,0.0,22.0
match_1768464395999,1,Away,A6,Reception,,,16,53,100.0,88.0,0.0,12.0
match_1768464395999,1,Away,A9,Shot,Blocked,,16,54,100.0,88.0,0.0,12.0
match_1768464395999,1,Home,H9,Pass,,,17,9,5.0,50.0,5.0,50.0
match_1768464395999,1,Home,H3,Reception,,,17,11,4.0,61.0,4.0,61.0
match_1768464395999,1,Home,H1,Pass,,,17,12,4.0,61.0,4.0,61.0
match_1768464395999,1,Home,H10,Reception,,,17,14,16.0,58.0,16.0,58.0
match_1768464395999,1,Home,H9,Pass,,Prog Pass,17,15,16.0,58.0,16.0,58.0
match_1768464395999,1,Home,H5,Reception,,Prog Reception,17,17,36.0,61.0,36.0,61.0
match_1768464395999,1,Home,H8,Pass,,,17,18,36.0,61.0,36.0,61.0
match_1768464395999,1,Home,H6,Reception,,,17,20,41.0,54.0,41.0,54.0
match_1768464395999,1,Home,H4,Pass,,,17,21,41.0,54.0,41.0,54.0
match_1768464395999,1,Away,A11,Interception,,,17,23,55.0,68.0,55.0,68.0
match_1768464395999,1,Away,A2,Pass,,,17,25,55.0,68.0,45.0,32.0
match_1768464395999,1,Away,A9,Reception,,,17,27,60.0,52.0,40.0,48.0
match_1768464395999,1,Away,A9,Pass,,Prog Pass,17,28,60.0,52.0,40.0,48.0
match_1768464395999,1,Away,A1,Reception,,Prog Reception,17,30,71.0,50.0,29.0,50.0
match_1768464395999,1,Away,A10,Pass,,,17,31,71.0,50.0,29.0,50.0
match_1768464395999,1,Away,A2,Reception,,Prog Reception,17,33,75.0,65.0,25.0,35.0
match_1768464395999,1,Away,A7,Pass,,,17,34,75.0,65.0,25.0,35.0
match_1768464395999,1,Away,A3,Reception,,,17,36,79.0,58.0,21.0,42.0
match_1768464395999,1,Away,A9,Pass,,Prog Pass,17,37,79.0,58.0,21.0,42.0
match_1768464395999,1,Home,H4,Interception,,,17,39,2.0,57.0,98.0,43.0
match_1768464395999,1,Home,H8,Pass,,,17,41,2.0,57.0,2.0,57.0
match_1768464395999,1,Home,H10,Reception,,,17,43,10.0,45.0,10.0,45.0
match_1768464395999,1,Home,H2,Pass,,Prog Pass,17,44,10.0,45.0,10.0,45.0
match_1768464395999,1,Away,A8,Interception,,,17,46,72.0,64.0,72.0,64.0
match_1768464395999,1,Away,A7,Pass,,,17,48,72.0,64.0,28.0,36.0
match_1768464395999,1,Home,H8,Interception,,,17,50,22.0,14.0,78.0,86.0
match_1768464395999,1,Home,H7,Pass,,,17,52,22.0,14.0,22.0,14.0
match_1768464395999,1,Home,H8,Reception,,,17,54,22.0,6.0,22.0,6.0
match_1768464395999,1,Home,H10,Dribble,,Prog Carry,17,55,22.0,6.0,22.0,6.0
match_1768464395999,1,Home,H9,Pass,,,17,59,38.0,0.0,38.0,0.0
match_1768464395999,1,Away,A9,Interception,,,17,61,57.0,100.0,57.0,100.0
match_1768464395999,1,Away,A8,Pass,,,18,3,57.0,100.0,43.0,0.0
match_1768464395999,1,Away,A7,Reception,,,18,5,56.0,86.0,44.0,14.0
match_1768464395999,1,Away,A2,Dribble,,Prog Carry,18,6,56.0,86.0,44.0,14.0
match_1768464395999,1,Away,A2,Pass,,,18,9,69.0,100.0,31.0,0.0
match_1768464395999,1,Away,A10,Reception,,,18,11,70.0,100.0,30.0,0.0
match_1768464395999,1,Away,A3,Pass,,Prog Pass,18,12,70.0,100.0,30.0,0.0
match_1768464395999,1,Away,A2,Reception,,Prog Reception,18,14,89.0,100.0,11.0,0.0
match_1768464395999,1,Away,A7,Dribble,,Prog Carry,18,15,89.0,100.0,11.0,0.0
match_1768464395999,1,Away,A9,Shot,Off Target,,18,18,100.0,100.0,0.0,0.0
match_1768464395999,1,Home,H6,Pass,,Prog Pass,18,33,5.0,50.0,5.0,50.0
match_1768464395999,1,Home,H7,Reception,,Prog Reception,18,35,22.0,55.0,22.0,55.0
match_1768464395999,1,Home,H4,Pass,,Prog Pass,18,36,22.0,55.0,22.0,55.0
match_1768464395999,1,Home,H3,Reception,,Prog Reception,18,38,41.0,55.0,41.0,55.0
match_1768464395999,1,Home,H8,Pass,,Prog Pass,18,39,41.0,55.0,41.0,55.0
match_1768464395999,1,Home,H6,Reception,,Prog Reception,18,41,56.0,78.0,56.0,78.0
match_1768464395999,1,Home,H9,Pass,,Prog Pass,18,42,56.0,78.0,56.0,78.0
match_1768464395999,1,Home,H10,Reception,,Prog Reception,18,44,67.0,70.0,67.0,70.0
match_1768464395999,1,Home,H11,Pass,,Prog Pass,18,45,67.0,70.0,67.0,70.0
match_1768464395999,1,Home,H7,Reception,,Prog Reception,18,47,82.0,82.0,82.0,82.0
match_1768464395999,1,Home,H4,Pass,,Prog Pass,18,48,82.0,82.0,82.0,82.0
match_1768464395999,1,Home,H5,Reception,,Prog Reception,18,50,93.0,81.0,93.0,81.0
match_1768464395999,1,Home,H8,Shot,Saved,,18,51,93.0,81.0,93.0,81.0
match_1768464395999,1,Away,A11,Pass,,,19,6,5.0,50.0,95.0,50.0
match_1768464395999,1,Home,H8,Interception,,,19,8,96.0,75.0,4.0,25.0
match_1768464395999,1,Home,H9,Cross,,,19,10,96.0,5.0,96.0,5.0
match_1768464395999,1,Away,A2,Pass,,,19,13,15.0,50.0,85.0,50.0
match_1768464395999,1,Away,A5,Reception,,,19,15,18.0,36.0,82.0,64.0
match_1768464395999,1,Away,A5,Dribble,,,19,16,18.0,36.0,82.0,64.0
match_1768464395999,1,Away,A4,Dribble,,,19,20,16.0,58.0,84.0,42.0
match_1768464395999,1,Away,A2,Pass,,,19,23,23.0,45.0,77.0,55.0
match_1768464395999,1,Away,A4,Reception,,,19,25,31.0,40.0,69.0,60.0
match_1768464395999,1,Away,A4,Dribble,,,19,26,31.0,40.0,69.0,60.0
match_1768464395999,1,Away,A2,Pass,,,19,30,36.0,48.0,64.0,52.0
match_1768464395999,1,Away,A5,Reception,,,19,32,31.0,23.0,69.0,77.0
match_1768464395999,1,Away,A8,Pass,,,19,33,31.0,23.0,69.0,77.0
match_1768464395999,1,Away,A3,Reception,,,19,35,35.0,13.0,65.0,87.0
match_1768464395999,1,Away,A3,Pass,,,19,36,35.0,13.0,65.0,87.0
match_1768464395999,1,Away,A10,Reception,,,19,38,43.0,13.0,57.0,87.0
match_1768464395999,1,Away,A5,Pass,,,19,39,43.0,13.0,57.0,87.0
match_1768464395999,1,Away,A2,Reception,,,19,41,48.0,9.0,52.0,91.0
match_1768464395999,1,Away,A8,Dribble,,Prog Carry,19,42,48.0,9.0,52.0,91.0
match_1768464395999,1,Away,A10,Pass,,,19,43,52.0,0.0,48.0,100.0
match_1768464395999,1,Away,A1,Reception,,,19,45,54.0,1.0,46.0,99.0
match_1768464395999,1,Away,A5,Pass,,,19,46,54.0,1.0,46.0,99.0
match_1768464395999,1,Away,A3,Reception,,,19,48,51.0,7.0,49.0,93.0
match_1768464395999,1,Away,A6,Pass,,,19,49,51.0,7.0,49.0,93.0
match_1768464395999,1,Away,A4,Reception,,,19,51,46.0,19.0,54.0,81.0
match_1768464395999,1,Away,A2,Pass,,Prog Pass,19,52,46.0,19.0,54.0,81.0
match_1768464395999,1,Away,A11,Reception,,Prog Reception,19,54,65.0,15.0,35.0,85.0
match_1768464395999,1,Away,A5,Dribble,,Prog Carry,19,55,65.0,15.0,35.0,85.0
match_1768464395999,1,Away,A10,Dribble,,Prog Carry,19,59,75.0,30.0,25.0,70.0
match_1768464395999,1,Away,A11,Cross,,,20,3,92.0,95.0,8.0,5.0
match_1768464395999,1,Home,H1,Pass,,,20,6,15.0,50.0,15.0,50.0
match_1768464395999,1,Away,A1,Interception,,,20,8,80.0,26.0,80.0,26.0
match_1768464395999,1,Away,A4,Pass,,,20,10,80.0,26.0,20.0,74.0
match_1768464395999,1,Away,A3,Reception,,,20,12,79.0,33.0,21.0,67.0
match_1768464395999,1,Away,A6,Pass,,,20,13,79.0,33.0,21.0,67.0
match_1768464395999,1,Away,A2,Reception,,Prog Reception,20,15,82.0,45.0,18.0,55.0
match_1768464395999,1,Away,A10,Pass,,,20,16,82.0,45.0,18.0,55.0
match_1768464395999,1,Away,A7,Reception,,Prog Reception,20,18,78.0,65.0,22.0,35.0
match_1768464395999,1,Away,A9,Pass,,,20,19,78.0,65.0,22.0,35.0
match_1768464395999,1,Home,H11,Interception,,,20,21,22.0,18.0,78.0,82.0
match_1768464395999,1,Home,H9,Pass,,,20,23,22.0,18.0,22.0,18.0
match_1768464395999,1,Home,H8,Reception,,,20,25,30.0,22.0,30.0,22.0
match_1768464395999,1,Home,H2,Pass,,,20,26,30.0,22.0,30.0,22.0
match_1768464395999,1,Home,H10,Reception,,,20,28,36.0,35.0,36.0,35.0
match_1768464395999,1,Home,H10,Pass,,,20,29,36.0,35.0,36.0,35.0
match_1768464395999,1,Home,H5,Reception,,,20,31,43.0,52.0,43.0,52.0
match_1768464395999,1,Home,H3,Pass,,Prog Pass,20,32,43.0,52.0,43.0,52.0
match_1768464395999,1,Home,H7,Reception,,Prog Reception,20,34,56.0,48.0,56.0,48.0
match_1768464395999,1,Home,H7,Pass,,,20,35,56.0,48.0,56.0,48.0
match_1768464395999,1,Home,H4,Reception,,,20,37,56.0,29.0,56.0,29.0
match_1768464395999,1,Home,H11,Pass,,,20,38,56.0,29.0,56.0,29.0
match_1768464395999,1,Away,A2,Interception,,,20,40,46.0,87.0,46.0,87.0
match_1768464395999,1,Away,A9,Pass,,,20,42,46.0,87.0,54.0,13.0
match_1768464395999,1,Away,A6,Reception,,,20,44,45.0,67.0,55.0,33.0
match_1768464395999,1,Away,A7,Pass,,Prog Pass,20,45,45.0,67.0,55.0,33.0
match_1768464395999,1,Away,A10,Reception,,Prog Reception,20,47,64.0,85.0,36.0,15.0
match_1768464395999,1,Away,A6,Pass,,,20,48,64.0,85.0,36.0,15.0
match_1768464395999,1,Away,A9,Reception,,,20,50,68.0,67.0,32.0,33.0
match_1768464395999,1,Away,A8,Pass,,,20,51,68.0,67.0,32.0,33.0
match_1768464395999,1,Away,A7,Reception,,Prog Reception,20,53,74.0,48.0,26.0,52.0
match_1768464395999,1,Away,A11,Pass,,Prog Pass,20,54,74.0,48.0,26.0,52.0
match_1768464395999,1,Away,A10,Reception,,Prog Reception,20,56,87.0,41.0,13.0,59.0
match_1768464395999,1,Away,A5,Pass,,Prog Pass,20,57,87.0,41.0,13.0,59.0
match_1768464395999,1,Home,H1,Interception,,,20,59,0.0,72.0,100.0,28.0
match_1768464395999,1,Home,H7,Pass,,,21,1,0.0,72.0,0.0,72.0
match_1768464395999,1,Home,H3,Reception,,,21,3,0.0,87.0,0.0,87.0
match_1768464395999,1,Home,H4,Pass,,,21,4,0.0,87.0,0.0,87.0
match_1768464395999,1,Home,H7,Reception,,,21,6,5.0,82.0,5.0,82.0
match_1768464395999,1,Home,H4,Dribble,,Prog Carry,21,7,5.0,82.0,5.0,82.0
match_1768464395999,1,Home,H9,Pass,,,21,8,25.0,71.0,25.0,71.0
match_1768464395999,1,Home,H6,Reception,,,21,10,23.0,87.0,23.0,87.0
match_1768464395999,1,Home,H4,Pass,,,21,11,23.0,87.0,23.0,87.0
match_1768464395999,1,Home,H1,Reception,,,21,13,20.0,95.0,20.0,95.0
match_1768464395999,1,Home,H6,Pass,,Prog Pass,21,14,20.0,95.0,20.0,95.0
match_1768464395999,1,Home,H5,Reception,,Prog Reception,21,16,40.0,100.0,40.0,100.0
match_1768464395999,1,Home,H10,Pass,,,21,17,40.0,100.0,40.0,100.0
match_1768464395999,1,Home,H5,Reception,,,21,19,43.0,84.0,43.0,84.0
match_1768464395999,1,Home,H2,Pass,,,21,20,43.0,84.0,43.0,84.0
match_1768464395999,1,Home,H3,Reception,,,21,22,39.0,84.0,39.0,84.0
match_1768464395999,1,Home,H3,Pass,,,21,23,39.0,84.0,39.0,84.0
match_1768464395999,1,Home,H4,Reception,,,21,25,41.0,93.0,41.0,93.0
match_1768464395999,1,Home,H9,Pass,,,21,26,41.0,93.0,41.0,93.0
match_1768464395999,1,Home,H11,Reception,,,21,28,42.0,68.0,42.0,68.0
match_1768464395999,1,Home,H4,Pass,,,21,29,42.0,68.0,42.0,68.0
match_1768464395999,1,Home,H10,Reception,,,21,31,39.0,48.0,39.0,48.0
match_1768464395999,1,Home,H6,Pass,,,21,32,39.0,48.0,39.0,48.0
match_1768464395999,1,Home,H11,Reception,,,21,34,45.0,38.0,45.0,38.0
match_1768464395999,1,Home,H7,Pass,,,21,35,45.0,38.0,45.0,38.0
match_1768464395999,1,Home,H5,Reception,,,21,37,49.0,45.0,49.0,45.0
match_1768464395999,1,Home,H5,Dribble,,Prog Carry,21,38,49.0,45.0,49.0,45.0
match_1768464395999,1,Home,H3,Pass,,Prog Pass,21,42,62.0,63.0,62.0,63.0
match_1768464395999,1,Home,H6,Reception,,Prog Reception,21,44,80.0,78.0,80.0,78.0
match_1768464395999,1,Home,H11,Pass,,Prog Pass,21,45,80.0,78.0,80.0,78.0
match_1768464395999,1,Home,H9,Reception,,Prog Reception,21,47,93.0,57.0,93.0,57.0
match_1768464395999,1,Home,H10,Pass,,,21,48,93.0,57.0,93.0,57.0
match_1768464395999,1,Home,H5,Reception,,Prog Reception,21,50,100.0,44.0,100.0,44.0
match_1768464395999,1,Home,H2,Shot,Saved,,21,51,100.0,44.0,100.0,44.0
match_1768464395999,1,Away,A5,Pass,,Prog Pass,22,6,5.0,50.0,95.0,50.0
match_1768464395999,1,Away,A1,Reception,,Prog Reception,22,8,22.0,34.0,78.0,66.0
match_1768464395999,1,Away,A2,Pass,,,22,9,22.0,34.0,78.0,66.0
match_1768464395999,1,Away,A1,Reception,,,22,11,36.0,55.0,64.0,45.0
match_1768464395999,1,Away,A6,Pass,,Prog Pass,22,12,36.0,55.0,64.0,45.0
match_1768464395999,1,Home,H8,Interception,,,22,14,47.0,39.0,53.0,61.0
match_1768464395999,1,Home,H2,Pass,,Prog Pass,22,16,47.0,39.0,47.0,39.0
match_1768464395999,1,Home,H4,Reception,,Prog Reception,22,18,60.0,54.0,60.0,54.0
match_1768464395999,1,Home,H2,Pass,,,22,19,60.0,54.0,60.0,54.0
match_1768464395999,1,Home,H10,Reception,,,22,21,62.0,42.0,62.0,42.0
match_1768464395999,1,Home,H5,Pass,,Prog Pass,22,22,62.0,42.0,62.0,42.0
match_1768464395999,1,Home,H8,Reception,,Prog Reception,22,24,77.0,22.0,77.0,22.0
match_1768464395999,1,Home,H3,Dribble,,,22,25,77.0,22.0,77.0,22.0
match_1768464395999,1,Home,H11,Pass,,Prog Pass,22,27,78.0,47.0,78.0,47.0
match_1768464395999,1,Away,A11,Interception,,,22,29,10.0,67.0,10.0,67.0
match_1768464395999,1,Away,A10,Pass,,,22,31,10.0,67.0,90.0,33.0
match_1768464395999,1,Away,A4,Reception,,,22,33,13.0,66.0,87.0,34.0
match_1768464395999,1,Away,A1,Pass,,,22,34,13.0,66.0,87.0,34.0
match_1768464395999,1,Away,A11,Reception,,,22,36,27.0,77.0,73.0,23.0
match_1768464395999,1,Away,A9,Pass,,,22,37,27.0,77.0,73.0,23.0
match_1768464395999,1,Home,H4,Interception,,,22,39,60.0,2.0,40.0,98.0
match_1768464395999,1,Home,H2,Dribble,,,22,41,60.0,2.0,60.0,2.0
match_1768464395999,1,Home,H3,Pass,,,22,42,69.0,0.0,69.0,0.0
match_1768464395999,1,Home,H5,Reception,,,22,44,66.0,3.0,66.0,3.0
match_1768464395999,1,Home,H8,Pass,,Prog Pass,22,45,66.0,3.0,66.0,3.0
match_1768464395999,1,Home,H6,Reception,,Prog Reception,22,47,82.0,1.0,82.0,1.0
match_1768464395999,1,Home,H9,Pass,,Prog Pass,22,48,82.0,1.0,82.0,1.0
match_1768464395999,1,Home,H10,Reception,,Prog Reception,22,50,99.0,7.0,99.0,7.0
match_1768464395999,1,Home,H7,Dribble,,,22,51,99.0,7.0,99.0,7.0
match_1768464395999,1,Home,H5,Dribble,,,22,52,100.0,0.0,100.0,0.0
match_1768464395999,1,Home,H7,Dribble,,,22,56,97.0,0.0,97.0,0.0
match_1768464395999,1,Home,H5,Shot,Saved,,22,59,95.0,0.0,95.0,0.0
match_1768464395999,1,Away,A5,Pass,,,23,14,5.0,50.0,95.0,50.0
match_1768464395999,1,Away,A9,Reception,,,23,16,15.0,25.0,85.0,75.0
match_1768464395999,1,Away,A11,Dribble,,,23,17,15.0,25.0,85.0,75.0
match_1768464395999,1,Away,A6,Pass,,Prog Pass,23,21,18.0,42.0,82.0,58.0
match_1768464395999,1,Home,H6,Interception,,,23,23,67.0,51.0,33.0,49.0
match_1768464395999,1,Home,H2,Dribble,,Prog Carry,23,25,67.0,51.0,67.0,51.0
match_1768464395999,1,Home,H7,Pass,,Prog Pass,23,26,78.0,42.0,78.0,42.0
match_1768464395999,1,Home,H6,Reception,,Prog Reception,23,28,89.0,43.0,89.0,43.0
match_1768464395999,1,Home,H3,Dribble,,Prog Carry,23,29,89.0,43.0,89.0,43.0
match_1768464395999,1,Home,H8,Pass,,,23,31,100.0,49.0,100.0,49.0
match_1768464395999,1,Home,H3,Reception,,Prog Reception,23,33,100.0,33.0,100.0,33.0
match_1768464395999,1,Home,H7,Pass,,,23,34,100.0,33.0,100.0,33.0
match_1768464395999,1,Home,H4,Reception,,,23,36,100.0,37.0,100.0,37.0
match_1768464395999,1,Home,H9,Shot,Off Target,,23,37,100.0,37.0,100.0,37.0
match_1768464395999,1,Away,A8,Dribble,,Prog Carry,23,52,5.0,50.0,95.0,50.0
match_1768464395999,1,Away,A4,Pass,,,23,53,22.0,33.0,78.0,67.0
match_1768464395999,1,Away,A7,Reception,,,23,55,22.0,44.0,78.0,56.0
match_1768464395999,1,Away,A6,Dribble,,,23,56,22.0,44.0,78.0,56.0
match_1768464395999,1,Away,A2,Pass,,Prog Pass,23,57,22.0,21.0,78.0,79.0
match_1768464395999,1,Away,A7,Reception,,Prog Reception,23,59,41.0,0.0,59.0,100.0
match_1768464395999,1,Away,A9,Pass,,Prog Pass,24,0,41.0,0.0,59.0,100.0
match_1768464395999,1,Away,A10,Reception,,Prog Reception,24,2,54.0,16.0,46.0,84.0
match_1768464395999,1,Away,A11,Pass,,Prog Pass,24,3,54.0,16.0,46.0,84.0
match_1768464395999,1,Away,A7,Reception,,Prog Reception,24,5,68.0,34.0,32.0,66.0
match_1768464395999,1,Away,A3,Pass,,Prog Pass,24,6,68.0,34.0,32.0,66.0
match_1768464395999,1,Home,H6,Interception,,,24,8,15.0,57.0,85.0,43.0
match_1768464395999,1,Home,H8,Pass,,,24,10,15.0,57.0,15.0,57.0
match_1768464395999,1,Home,H2,Reception,,,24,12,16.0,45.0,16.0,45.0
match_1768464395999,1,Home,H9,Pass,,Prog Pass,24,13,16.0,45.0,16.0,45.0
match_1768464395999,1,Home,H10,Reception,,Prog Reception,24,15,31.0,37.0,31.0,37.0
match_1768464395999,1,Home,H6,Dribble,,,24,16,31.0,37.0,31.0,37.0
match_1768464395999,1,Home,H7,Dribble,,,24,20,40.0,49.0,40.0,49.0
match_1768464395999,1,Home,H2,Pass,,,24,21,46.0,27.0,46.0,27.0
match_1768464395999,1,Home,H1,Reception,,,24,23,54.0,17.0,54.0,17.0
match_1768464395999,1,Home,H8,Pass,,Prog Pass,24,24,54.0,17.0,54.0,17.0
match_1768464395999,1,Away,A4,Interception,,,24,26,32.0,97.0,32.0,97.0
match_1768464395999,1,Away,A3,Pass,,,24,28,32.0,97.0,68.0,3.0
match_1768464395999,1,Away,A8,Reception,,,24,30,45.0,100.0,55.0,0.0
match_1768464395999,1,Away,A10,Pass,,,24,31,45.0,100.0,55.0,0.0
match_1768464395999,1,Away,A1,Reception,,,24,33,46.0,96.0,54.0,4.0
match_1768464395999,1,Away,A4,Pass,,,24,34,46.0,96.0,54.0,4.0
match_1768464395999,1,Away,A11,Reception,,,24,36,49.0,83.0,51.0,17.0
match_1768464395999,1,Away,A6,Dribble,,Prog Carry,24,37,49.0,83.0,51.0,17.0
match_1768464395999,1,Away,A10,Pass,,Prog Pass,24,38,53.0,100.0,47.0,0.0
match_1768464395999,1,Away,A1,Reception,,Prog Reception,24,40,72.0,100.0,28.0,0.0
match_1768464395999,1,Away,A11,Pass,,,24,41,72.0,100.0,28.0,0.0
match_1768464395999,1,Away,A4,Reception,,Prog Reception,24,43,79.0,87.0,21.0,13.0
match_1768464395999,1,Away,A10,Pass,,Prog Pass,24,44,79.0,87.0,21.0,13.0
match_1768464395999,1,Away,A2,Reception,,Prog Reception,24,46,97.0,72.0,3.0,28.0
match_1768464395999,1,Away,A6,Dribble,,,24,47,97.0,72.0,3.0,28.0
match_1768464395999,1,Away,A10,Shot,Saved,,24,48,100.0,85.0,0.0,15.0
match_1768464395999,1,Home,H8,Pass,,,25,3,5.0,50.0,5.0,50.0
match_1768464395999,1,Home,H4,Reception,,,25,5,1.0,72.0,1.0,72.0
match_1768464395999,1,Home,H2,Dribble,,,25,6,1.0,72.0,1.0,72.0
match_1768464395999,1,Home,H7,Dribble,,,25,7,0.0,68.0,0.0,68.0
match_1768464395999,1,Home,H1,Pass,,,25,11,3.0,55.0,3.0,55.0
match_1768464395999,1,Away,A4,Interception,,,25,13,100.0,62.0,100.0,62.0
match_1768464395999,1,Away,A2,Pass,,,25,15,100.0,62.0,0.0,38.0
match_1768464395999,1,Away,A6,Reception,,,25,17,97.0,71.0,3.0,29.0
match_1768464395999,1,Away,A5,Pass,,,25,18,97.0,71.0,3.0,29.0
match_1768464395999,1,Away,A4,Reception,,,25,20,100.0,75.0,0.0,25.0
match_1768464395999,1,Away,A6,Shot,Off Target,,25,21,100.0,75.0,0.0,25.0
match_1768464395999,1,Home,H1,Pass,,,25,36,5.0,50.0,5.0,50.0
match_1768464395999,1,Home,H9,Reception,,,25,38,19.0,31.0,19.0,31.0
match_1768464395999,1,Home,H6,Pass,,Prog Pass,25,39,19.0,31.0,19.0,31.0
match_1768464395999,1,Away,A4,Interception,,,25,41,63.0,70.0,63.0,70.0
match_1768464395999,1,Away,A5,Pass,,,25,43,63.0,70.0,37.0,30.0
match_1768464395999,1,Away,A10,Reception,,,25,45,70.0,90.0,30.0,10.0
match_1768464395999,1,Away,A4,Pass,,Prog Pass,25,46,70.0,90.0,30.0,10.0
match_1768464395999,1,Away,A6,Reception,,Prog Reception,25,48,83.0,83.0,17.0,17.0
match_1768464395999,1,Away,A8,Cross,,,25,49,83.0,95.0,17.0,5.0
match_1768464395999,1,Home,H4,Pass,,Prog Pass,25,52,15.0,50.0,15.0,50.0
match_1768464395999,1,Away,A7,Interception,,,25,54,69.0,64.0,69.0,64.0
match_1768464395999,1,Away,A7,Pass,,,25,56,69.0,64.0,31.0,36.0
match_1768464395999,1,Away,A3,Reception,,,25,58,77.0,65.0,23.0,35.0
match_1768464395999,1,Away,A8,Pass,,,25,59,77.0,65.0,23.0,35.0
match_1768464395999,1,Away,A4,Reception,,Prog Reception,25,61,74.0,89.0,26.0,11.0
match_1768464395999,1,Away,A6,Pass,,Prog Pass,26,2,74.0,89.0,26.0,11.0
match_1768464395999,1,Home,H2,Interception,,,26,4,6.0,0.0,94.0,100.0
match_1768464395999,1,Home,H11,Pass,,,26,6,6.0,0.0,6.0,0.0
match_1768464395999,1,Home,H9,Reception,,,26,8,5.0,25.0,5.0,25.0
match_1768464395999,1,Home,H7,Pass,,,26,9,5.0,25.0,5.0,25.0
match_1768464395999,1,Home,H1,Reception,,,26,11,15.0,10.0,15.0,10.0
match_1768464395999,1,Home,H9,Pass,,,26,12,15.0,10.0,15.0,10.0
match_1768464395999,1,Home,H8,Reception,,,26,14,10.0,14.0,10.0,14.0
match_1768464395999,1,Home,H1,Pass,,,26,15,10.0,14.0,10.0,14.0
match_1768464395999,1,Away,A2,Interception,,,26,17,89.0,100.0,89.0,100.0
match_1768464395999,1,Away,A2,Cross,,,26,19,89.0,5.0,11.0,95.0
match_1768464395999,1,Home,H4,Pass,,,26,22,15.0,50.0,15.0,50.0
match_1768464395999,1,Home,H11,Reception,,,26,24,14.0,29.0,14.0,29.0
match_1768464395999,1,Home,H11,Dribble,,Prog Carry,26,25,14.0,29.0,14.0,29.0
match_1768464395999,1,Home,H11,Pass,,Prog Pass,26,26,27.0,11.0,27.0,11.0
match_1768464395999,1,Away,A6,Interception,,,26,28,58.0,100.0,58.0,100.0
match_1768464395999,1,Away,A9,Pass,,Prog Pass,26,30,58.0,100.0,42.0,0.0
match_1768464395999,1,Home,H3,Interception,,,26,32,23.0,0.0,77.0,100.0
match_1768464395999,1,Home,H7,Dribble,,Prog Carry,26,34,23.0,0.0,23.0,0.0
match_1768464395999,1,Home,H4,Dribble,,,26,36,40.0,21.0,40.0,21.0
match_1768464395999,1,Home,H9,Dribble,,Prog Carry,26,37,46.0,44.0,46.0,44.0
match_1768464395999,1,Home,H5,Pass,,,26,38,60.0,37.0,60.0,37.0
match_1768464395999,1,Home,H11,Reception,,,26,40,58.0,19.0,58.0,19.0
match_1768464395999,1,Home,H11,Pass,,Prog Pass,26,41,58.0,19.0,58.0,19.0
match_1768464395999,1,Home,H7,Reception,,Prog Reception,26,43,69.0,25.0,69.0,25.0
match_1768464395999,1,Home,H4,Dribble,,,26,44,69.0,25.0,69.0,25.0
match_1768464395999,1,Home,H5,Pass,,,26,47,77.0,45.0,77.0,45.0
match_1768464395999,1,Home,H4,Reception,,Prog Reception,26,49,82.0,34.0,82.0,34.0
match_1768464395999,1,Home,H2,Pass,,Prog Pass,26,50,82.0,34.0,82.0,34.0
match_1768464395999,1,Home,H7,Reception,,Prog Reception,26,52,88.0,26.0,88.0,26.0
match_1768464395999,1,Home,H3,Pass,,Prog Pass,26,53,88.0,26.0,88.0,26.0
match_1768464395999,1,Away,A11,Interception,,,26,55,0.0,66.0,0.0,66.0
match_1768464395999,1,Away,A1,Pass,,,26,57,0.0,66.0,100.0,34.0
match_1768464395999,1,Away,A4,Reception,,,26,59,0.0,48.0,100.0,52.0
match_1768464395999,1,Away,A11,Pass,,Prog Pass,27,0,0.0,48.0,100.0,52.0
match_1768464395999,1,Away,A2,Reception,,Prog Reception,27,2,19.0,41.0,81.0,59.0
match_1768464395999,1,Away,A5,Pass,,,27,3,19.0,41.0,81.0,59.0
match_1768464395999,1,Away,A8,Reception,,,27,5,33.0,46.0,67.0,54.0
match_1768464395999,1,Away,A2,Pass,,,27,6,33.0,46.0,67.0,54.0
match_1768464395999,1,Away,A1,Reception,,,27,8,31.0,26.0,69.0,74.0
match_1768464395999,1,Away,A8,Dribble,,,27,9,31.0,26.0,69.0,74.0
match_1768464395999,1,Away,A3,Pass,,,27,13,33.0,26.0,67.0,74.0
match_1768464395999,1,Away,A1,Reception,,,27,15,34.0,17.0,66.0,83.0
match_1768464395999,1,Away,A5,Pass,,Prog Pass,27,16,34.0,17.0,66.0,83.0
match_1768464395999,1,Away,A2,Reception,,Prog Reception,27,18,50.0,12.0,50.0,88.0
match_1768464395999,1,Away,A11,Dribble,,,27,19,50.0,12.0,50.0,88.0
match_1768464395999,1,Away,A5,Pass,,Prog Pass,27,21,58.0,25.0,42.0,75.0
match_1768464395999,1,Away,A7,Reception,,Prog Reception,27,23,77.0,43.0,23.0,57.0
match_1768464395999,1,Away,A10,Pass,,,27,24,77.0,43.0,23.0,57.0
match_1768464395999,1,Away,A1,Reception,,Prog Reception,27,26,76.0,22.0,24.0,78.0
match_1768464395999,1,Away,A11,Pass,,,27,27,76.0,22.0,24.0,78.0
match_1768464395999,1,Away,A3,Reception,,,27,29,80.0,14.0,20.0,86.0
match_1768464395999,1,Away,A2,Pass,,,27,30,80.0,14.0,20.0,86.0
match_1768464395999,1,Away,A7,Reception,,,27,32,81.0,18.0,19.0,82.0
match_1768464395999,1,Away,A9,Pass,,Prog Pass,27,33,81.0,18.0,19.0,82.0
match_1768464395999,1,Home,H11,Interception,,,27,35,0.0,89.0,100.0,11.0
match_1768464395999,1,Home,H1,Pass,,,27,37,0.0,89.0,0.0,89.0
match_1768464395999,1,Home,H2,Reception,,,27,39,14.0,100.0,14.0,100.0
match_1768464395999,1,Home,H1,Pass,,,27,40,14.0,100.0,14.0,100.0
match_1768464395999,1,Home,H4,Reception,,,27,42,19.0,100.0,19.0,100.0
match_1768464395999,1,Home,H10,Pass,,,27,43,19.0,100.0,19.0,100.0
match_1768464395999,1,Home,H3,Reception,,,27,45,16.0,95.0,16.0,95.0
match_1768464395999,1,Home,H2,Pass,,,27,46,16.0,95.0,16.0,95.0
match_1768464395999,1,Away,A5,Interception,,,27,48,74.0,0.0,74.0,0.0
match_1768464395999,1,Away,A11,Pass,,Prog Pass,27,50,74.0,0.0,26.0,100.0
match_1768464395999,1,Away,A5,Reception,,Prog Reception,27,52,85.0,0.0,15.0,100.0
match_1768464395999,1,Away,A8,Shot,Off Target,,27,53,85.0,0.0,15.0,100.0
match_1768464395999,1,Home,H1,Pass,,,28,8,5.0,50.0,5.0,50.0
match_1768464395999,1,Home,H5,Reception,,,28,10,12.0,69.0,12.0,69.0
match_1768464395999,1,Home,H1,Pass,,,28,11,12.0,69.0,12.0,69.0
match_1768464395999,1,Away,A8,Interception,,,28,13,83.0,27.0,83.0,27.0
match_1768464395999,1,Away,A8,Pass,,Prog Pass,28,15,83.0,27.0,17.0,73.0
match_1768464395999,1,Away,A3,Reception,,Prog Reception,28,17,100.0,23.0,0.0,77.0
match_1768464395999,1,Away,A9,Cross,,,28,18,100.0,5.0,0.0,95.0
match_1768464395999,1,Away,A8,Dribble,,,28,20,95.0,50.0,5.0,50.0
match_1768464395999,1,Away,A10,Pass,,,28,23,98.0,25.0,2.0,75.0
match_1768464395999,1,Away,A7,Reception,,Prog Reception,28,25,98.0,48.0,2.0,52.0
match_1768464395999,1,Away,A11,Shot,Blocked,,28,26,98.0,48.0,2.0,52.0
match_1768464395999,1,Home,H8,Pass,,Prog Pass,28,41,5.0,50.0,5.0,50.0
match_1768464395999,1,Home,H10,Reception,,Prog Reception,28,43,24.0,26.0,24.0,26.0
match_1768464395999,1,Home,H7,Pass,,Prog Pass,28,44,24.0,26.0,24.0,26.0
match_1768464395999,1,Home,H4,Reception,,Prog Reception,28,46,40.0,30.0,40.0,30.0
match_1768464395999,1,Home,H3,Pass,,,28,47,40.0,30.0,40.0,30.0
match_1768464395999,1,Away,A6,Interception,,,28,49,40.0,52.0,40.0,52.0
match_1768464395999,1,Away,A5,Pass,,,28,51,40.0,52.0,60.0,48.0
match_1768464395999,1,Away,A10,Reception,,,28,53,53.0,40.0,47.0,60.0
match_1768464395999,1,Away,A4,Pass,,,28,54,53.0,40.0,47.0,60.0
match_1768464395999,1,Away,A7,Reception,,,28,56,59.0,33.0,41.0,67.0
match_1768464395999,1,Away,A2,Pass,,Prog Pass,28,57,59.0,33.0,41.0,67.0
match_1768464395999,1,Away,A10,Reception,,Prog Reception,28,59,71.0,48.0,29.0,52.0
match_1768464395999,1,Away,A10,Pass,,,29,0,71.0,48.0,29.0,52.0
match_1768464395999,1,Home,H7,Interception,,,29,2,33.0,69.0,67.0,31.0
match_1768464395999,1,Home,H9,Pass,,,29,4,33.0,69.0,33.0,69.0
match_1768464395999,1,Home,H10,Reception,,,29,6,40.0,64.0,40.0,64.0
match_1768464395999,1,Home,H10,Pass,,,29,7,40.0,64.0,40.0,64.0
match_1768464395999,1,Away,A11,Interception,,,29,9,52.0,14.0,52.0,14.0
match_1768464395999,1,Away,A2,Pass,,Prog Pass,29,11,52.0,14.0,48.0,86.0
match_1768464395999,1,Away,A7,Reception,,Prog Reception,29,13,68.0,11.0,32.0,89.0
match_1768464395999,1,Away,A4,Pass,,Prog Pass,29,14,68.0,11.0,32.0,89.0
match_1768464395999,1,Away,A1,Reception,,Prog Reception,29,16,80.0,10.0,20.0,90.0
match_1768464395999,1,Away,A3,Pass,,,29,17,80.0,10.0,20.0,90.0
match_1768464395999,1,Away,A2,Reception,,Prog Reception,29,19,82.0,0.0,18.0,100.0
match_1768464395999,1,Away,A11,Cross,,,29,20,82.0,5.0,18.0,95.0
match_1768464395999,1,Away,A6,Pass,,,29,22,95.0,50.0,5.0,50.0
match_1768464395999,1,Away,A5,Reception,,Prog Reception,29,24,97.0,28.0,3.0,72.0
match_1768464395999,1,Away,A6,Pass,,,29,25,97.0,28.0,3.0,72.0
match_1768464395999,1,Away,A3,Reception,,,29,27,100.0,28.0,0.0,72.0
match_1768464395999,1,Away,A5,Shot,Off Target,,29,28,100.0,28.0,0.0,72.0
match_1768464395999,1,Home,H3,Pass,,,29,43,5.0,50.0,5.0,50.0
match_1768464395999,1,Home,H4,Reception,,,29,45,6.0,45.0,6.0,45.0
match_1768464395999,1,Home,H11,Pass,,Prog Pass,29,46,6.0,45.0,6.0,45.0
match_1768464395999,1,Home,H5,Reception,,Prog Reception,29,48,25.0,57.0,25.0,57.0
match_1768464395999,1,Home,H5,Pass,,,29,49,25.0,57.0,25.0,57.0
match_1768464395999,1,Away,A7,Interception,,,29,51,65.0,23.0,65.0,23.0
match_1768464395999,1,Away,A7,Pass,,Prog Pass,29,53,65.0,23.0,35.0,77.0
match_1768464395999,1,Away,A9,Reception,,Prog Reception,29,55,85.0,16.0,15.0,84.0
match_1768464395999,1,Away,A10,Pass,,,29,56,85.0,16.0,15.0,84.0
match_1768464395999,1,Away,A1,Reception,,Prog Reception,29,58,90.0,39.0,10.0,61.0
match_1768464395999,1,Away,A5,Pass,,,29,59,90.0,39.0,10.0,61.0
match_1768464395999,1,Away,A4,Reception,,,29,61,88.0,31.0,12.0,69.0
match_1768464395999,1,Away,A10,Shot,Blocked,,30,2,88.0,31.0,12.0,69.0
match_1768464395999,1,Home,H6,Pass,,,30,17,5.0,50.0,5.0,50.0
match_1768464395999,1,Home,H1,Reception,,,30,19,11.0,27.0,11.0,27.0
match_1768464395999,1,Home,H10,Pass,,,30,20,11.0,27.0,11.0,27.0
match_1768464395999,1,Home,H5,Reception,,,30,22,24.0,32.0,24.0,32.0
match_1768464395999,1,Home,H4,Dribble,,,30,23,24.0,32.0,24.0,32.0
match_1768464395999,1,Home,H6,Pass,,Prog Pass,30,25,30.0,17.0,30.0,17.0
match_1768464395999,1,Home,H1,Reception,,Prog Reception,30,27,46.0,0.0,46.0,0.0
match_1768464395999,1,Home,H2,Pass,,,30,28,46.0,0.0,46.0,0.0
match_1768464395999,1,Away,A1,Interception,,,30,30,53.0,83.0,53.0,83.0
match_1768464395999,1,Away,A6,Pass,,Prog Pass,30,32,53.0,83.0,47.0,17.0
match_1768464395999,1,Home,H1,Interception,,,30,34,27.0,0.0,73.0,100.0
match_1768464395999,1,Home,H4,Pass,,,30,36,27.0,0.0,27.0,0.0
match_1768464395999,1,Home,H9,Reception,,,30,38,40.0,12.0,40.0,12.0
match_1768464395999,1,Home,H8,Pass,,,30,39,40.0,12.0,40.0,12.0
match_1768464395999,1,Away,A8,Interception,,,30,41,59.0,100.0,59.0,100.0
match_1768464395999,1,Away,A2,Pass,,,30,43,59.0,100.0,41.0,0.0
match_1768464395999,1,Away,A11,Reception,,,30,45,56.0,76.0,44.0,24.0
match_1768464395999,1,Away,A10,Pass,,,30,46,56.0,76.0,44.0,24.0
match_1768464395999,1,Away,A1,Reception,,,30,48,64.0,100.0,36.0,0.0
match_1768464395999,1,Away,A5,Pass,,,30,49,64.0,100.0,36.0,0.0
match_1768464395999,1,Away,A4,Reception,,,30,51,67.0,100.0,33.0,0.0
match_1768464395999,1,Away,A3,Pass,,Prog Pass,30,52,67.0,100.0,33.0,0.0
match_1768464395999,1,Home,H5,Interception,,,30,54,15.0,2.0,85.0,98.0
match_1768464395999,1,Home,H9,Pass,,,30,56,15.0,2.0,15.0,2.0
match_1768464395999,1,Home,H4,Reception,,,30,58,29.0,19.0,29.0,19.0
match_1768464395999,1,Home,H9,Pass,,,30,59,29.0,19.0,29.0,19.0
match_1768464395999,1,Home,H6,Reception,,,30,61,26.0,8.0,26.0,8.0
match_1768464395999,1,Home,H1,Dribble,,,31,2,26.0,8.0,26.0,8.0
match_1768464395999,1,Home,H7,Pass,,,31,6,23.0,20.0,23.0,20.0
match_1768464395999,1,Home,H10,Reception,,,31,8,21.0,13.0,21.0,13.0
match_1768464395999,1,Home,H7,Pass,,,31,9,21.0,13.0,21.0,13.0
match_1768464395999,1,Home,H2,Reception,,,31,11,18.0,20.0,18.0,20.0
match_1768464395999,1,Home,H10,Dribble,,Prog Carry,31,12,18.0,20.0,18.0,20.0
match_1768464395999,1,Home,H9,Pass,,,31,13,28.0,0.0,28.0,0.0
match_1768464395999,1,Home,H4,Reception,,,31,15,28.0,0.0,28.0,0.0
match_1768464395999,1,Home,H11,Pass,,,31,16,28.0,0.0,28.0,0.0
match_1768464395999,1,Home,H2,Reception,,,31,18,23.0,0.0,23.0,0.0
match_1768464395999,1,Home,H10,Pass,,,31,19,23.0,0.0,23.0,0.0
match_1768464395999,1,Home,H3,Reception,,,31,21,28.0,16.0,28.0,16.0
match_1768464395999,1,Home,H11,Pass,,,31,22,28.0,16.0,28.0,16.0
match_1768464395999,1,Home,H8,Reception,,,31,24,39.0,26.0,39.0,26.0
match_1768464395999,1,Home,H6,Pass,,,31,25,39.0,26.0,39.0,26.0
match_1768464395999,1,Home,H4,Reception,,,31,27,39.0,2.0,39.0,2.0
match_1768464395999,1,Home,H7,Pass,,Prog Pass,31,28,39.0,2.0,39.0,2.0
match_1768464395999,1,Home,H2,Reception,,Prog Reception,31,30,58.0,25.0,58.0,25.0
match_1768464395999,1,Home,H10,Pass,,,31,31,58.0,25.0,58.0,25.0
match_1768464395999,1,Away,A8,Interception,,,31,33,33.0,59.0,33.0,59.0
match_1768464395999,1,Away,A11,Pass,,,31,35,33.0,59.0,67.0,41.0
match_1768464395999,1,Home,H11,Interception,,,31,37,72.0,55.0,28.0,45.0
match_1768464395999,1,Home,H11,Pass,,,31,39,72.0,55.0,72.0,55.0
match_1768464395999,1,Home,H10,Reception,,,31,41,68.0,55.0,68.0,55.0
match_1768464395999,1,Home,H6,Pass,,,31,42,68.0,55.0,68.0,55.0
match_1768464395999,1,Home,H11,Reception,,,31,44,69.0,77.0,69.0,77.0
match_1768464395999,1,Home,H7,Dribble,,,31,45,69.0,77.0,69.0,77.0
match_1768464395999,1,Home,H11,Pass,,,31,49,74.0,88.0,74.0,88.0
match_1768464395999,1,Home,H1,Reception,,Prog Reception,31,51,77.0,100.0,77.0,100.0
match_1768464395999,1,Home,H2,Pass,,Prog Pass,31,52,77.0,100.0,77.0,100.0
match_1768464395999,1,Home,H5,Reception,,Prog Reception,31,54,86.0,75.0,86.0,75.0
match_1768464395999,1,Home,H7,Shot,Saved,,31,55,86.0,75.0,86.0,75.0
match_1768464395999,1,Away,A6,Pass,,,32,10,5.0,50.0,95.0,50.0
match_1768464395999,1,Home,H11,Interception,,,32,12,97.0,28.0,3.0,72.0
match_1768464395999,1,Home,H7,Pass,,,32,14,97.0,28.0,97.0,28.0
match_1768464395999,1,Home,H2,Reception,,,32,16,100.0,32.0,100.0,32.0
match_1768464395999,1,Home,H7,Dribble,,,32,17,100.0,32.0,100.0,32.0
match_1768464395999,1,Home,H5,Cross,,,32,20,100.0,5.0,100.0,5.0
match_1768464395999,1,Away,A6,Pass,,Prog Pass,32,23,15.0,50.0,85.0,50.0
match_1768464395999,1,Away,A5,Reception,,Prog Reception,32,25,32.0,27.0,68.0,73.0
match_1768464395999,1,Away,A4,Pass,,,32,26,32.0,27.0,68.0,73.0
match_1768464395999,1,Away,A1,Reception,,,32,28,36.0,37.0,64.0,63.0
match_1768464395999,1,Away,A11,Dribble,,,32,29,36.0,37.0,64.0,63.0
match_1768464395999,1,Away,A6,Pass,,,32,33,40.0,18.0,60.0,82.0
match_1768464395999,1,Away,A1,Reception,,,32,35,43.0,23.0,57.0,77.0
match_1768464395999,1,Away,A5,Pass,,Prog Pass,32,36,43.0,23.0,57.0,77.0
match_1768464395999,1,Away,A4,Reception,,Prog Reception,32,38,61.0,48.0,39.0,52.0
match_1768464395999,1,Away,A11,Dribble,,,32,39,61.0,48.0,39.0,52.0
match_1768464395999,1,Away,A9,Pass,,Prog Pass,32,43,62.0,29.0,38.0,71.0
match_1768464395999,1,Away,A11,Reception,,Prog Reception,32,45,78.0,24.0,22.0,76.0
match_1768464395999,1,Away,A6,Pass,,,32,46,78.0,24.0,22.0,76.0
match_1768464395999,1,Home,H5,Interception,,,32,48,23.0,58.0,77.0,42.0
match_1768464395999,1,Home,H2,Pass,,,32,50,23.0,58.0,23.0,58.0
match_1768464395999,1,Home,H8,Reception,,,32,52,34.0,60.0,34.0,60.0
match_1768464395999,1,Home,H5,Pass,,,32,53,34.0,60.0,34.0,60.0
match_1768464395999,1,Home,H4,Reception,,,32,55,46.0,41.0,46.0,41.0
match_1768464395999,1,Home,H4,Pass,,,32,56,46.0,41.0,46.0,41.0
match_1768464395999,1,Home,H11,Reception,,,32,58,46.0,30.0,46.0,30.0
match_1768464395999,1,Home,H3,Pass,,,32,59,46.0,30.0,46.0,30.0
match_1768464395999,1,Home,H10,Reception,,,32,61,51.0,30.0,51.0,30.0
match_1768464395999,1,Home,H4,Pass,,,33,2,51.0,30.0,51.0,30.0
match_1768464395999,1,Home,H7,Reception,,,33,4,52.0,31.0,52.0,31.0
match_1768464395999,1,Home,H9,Pass,,Prog Pass,33,5,52.0,31.0,52.0,31.0
match_1768464395999,1,Home,H7,Reception,,Prog Reception,33,7,67.0,52.0,67.0,52.0
match_1768464395999,1,Home,H3,Pass,,,33,8,67.0,52.0,67.0,52.0
match_1768464395999,1,Home,H6,Reception,,Prog Reception,33,10,72.0,64.0,72.0,64.0
match_1768464395999,1,Home,H11,Dribble,,,33,11,72.0,64.0,72.0,64.0
match_1768464395999,1,Home,H7,Pass,,Prog Pass,33,14,67.0,62.0,67.0,62.0
match_1768464395999,1,Home,H8,Reception,,Prog Reception,33,16,84.0,63.0,84.0,63.0
match_1768464395999,1,Home,H10,Pass,,Prog Pass,33,17,84.0,63.0,84.0,63.0
match_1768464395999,1,Home,H7,Reception,,Prog Reception,33,19,96.0,68.0,96.0,68.0
match_1768464395999,1,Home,H9,Pass,,,33,20,96.0,68.0,96.0,68.0
match_1768464395999,1,Home,H5,Reception,,,33,22,100.0,76.0,100.0,76.0
match_1768464395999,1,Home,H11,Cross,,,33,23,100.0,95.0,100.0,95.0
match_1768464395999,1,Home,H6,Pass,,,33,25,95.0,50.0,95.0,50.0
match_1768464395999,1,Home,H11,Reception,,Prog Reception,33,27,100.0,39.0,100.0,39.0
match_1768464395999,1,Home,H6,Pass,,,33,28,100.0,39.0,100.0,39.0
match_1768464395999,1,Away,A6,Interception,,,33,30,0.0,45.0,0.0,45.0
match_1768464395999,1,Away,A8,Dribble,,,33,32,0.0,45.0,100.0,55.0
match_1768464395999,1,Away,A2,Dribble,,Prog Carry,33,36,3.0,36.0,97.0,64.0
match_1768464395999,1,Away,A11,Pass,,,33,39,21.0,24.0,79.0,76.0
match_1768464395999,1,Away,A9,Reception,,,33,41,16.0,13.0,84.0,87.0
match_1768464395999,1,Away,A11,Pass,,,33,42,16.0,13.0,84.0,87.0
match_1768464395999,1,Home,H6,Interception,,,33,44,73.0,64.0,27.0,36.0
match_1768464395999,1,Home,H11,Pass,,,33,46,73.0,64.0,73.0,64.0
match_1768464395999,1,Away,A10,Interception,,,33,48,30.0,20.0,30.0,20.0
match_1768464395999,1,Away,A2,Pass,,,33,50,30.0,20.0,70.0,80.0
match_1768464395999,1,Away,A1,Reception,,,33,52,35.0,13.0,65.0,87.0
match_1768464395999,1,Away,A3,Dribble,,Prog Carry,33,53,35.0,13.0,65.0,87.0
match_1768464395999,1,Away,A3,Pass,,,33,56,52.0,28.0,48.0,72.0
match_1768464395999,1,Away,A7,Reception,,,33,58,60.0,34.0,40.0,66.0
match_1768464395999,1,Away,A9,Pass,,,33,59,60.0,34.0,40.0,66.0
match_1768464395999,1,Away,A3,Reception,,,33,61,56.0,39.0,44.0,61.0
match_1768464395999,1,Away,A6,Pass,,,34,2,56.0,39.0,44.0,61.0
match_1768464395999,1,Away,A5,Reception,,,34,4,62.0,17.0,38.0,83.0
match_1768464395999,1,Away,A5,Pass,,,34,5,62.0,17.0,38.0,83.0
match_1768464395999,1,Away,A7,Reception,,,34,7,63.0,30.0,37.0,70.0
match_1768464395999,1,Away,A10,Pass,,,34,8,63.0,30.0,37.0,70.0
match_1768464395999,1,Home,H9,Interception,,,34,10,40.0,74.0,60.0,26.0
match_1768464395999,1,Home,H9,Pass,,,34,12,40.0,74.0,40.0,74.0
match_1768464395999,1,Home,H3,Reception,,,34,14,48.0,76.0,48.0,76.0
match_1768464395999,1,Home,H2,Pass,,Prog Pass,34,15,48.0,76.0,48.0,76.0
match_1768464395999,1,Home,H9,Reception,,Prog Reception,34,17,60.0,95.0,60.0,95.0
match_1768464395999,1,Home,H6,Pass,,Prog Pass,34,18,60.0,95.0,60.0,95.0
match_1768464395999,1,Home,H2,Reception,,Prog Reception,34,20,80.0,100.0,80.0,100.0
match_1768464395999,1,Home,H7,Pass,,,34,21,80.0,100.0,80.0,100.0
match_1768464395999,1,Home,H9,Reception,,,34,23,89.0,100.0,89.0,100.0
match_1768464395999,1,Home,H10,Shot,Saved,,34,24,89.0,100.0,89.0,100.0
match_1768464395999,1,Away,A6,Pass,,,34,39,5.0,50.0,95.0,50.0
match_1768464395999,1,Away,A9,Reception,,,34,41,17.0,59.0,83.0,41.0
match_1768464395999,1,Away,A6,Dribble,,Prog Carry,34,42,17.0,59.0,83.0,41.0
match_1768464395999,1,Away,A2,Pass,,,34,45,37.0,68.0,63.0,32.0
match_1768464395999,1,Away,A10,Reception,,,34,47,42.0,46.0,58.0,54.0
match_1768464395999,1,Away,A2,Pass,,Prog Pass,34,48,42.0,46.0,58.0,54.0
match_1768464395999,1,Home,H5,Interception,,,34,50,38.0,57.0,62.0,43.0
match_1768464395999,1,Home,H4,Pass,,,34,52,38.0,57.0,38.0,57.0
match_1768464395999,1,Home,H8,Reception,,,34,54,47.0,74.0,47.0,74.0
match_1768464395999,1,Home,H7,Dribble,,,34,55,47.0,74.0,47.0,74.0
match_1768464395999,1,Home,H3,Pass,,,34,59,48.0,61.0,48.0,61.0
match_1768464395999,1,Home,H10,Reception,,,34,61,55.0,81.0,55.0,81.0
match_1768464395999,1,Home,H3,Pass,,,35,2,55.0,81.0,55.0,81.0
match_1768464395999,1,Home,H4,Reception,,,35,4,54.0,97.0,54.0,97.0
match_1768464395999,1,Home,H8,Pass,,Prog Pass,35,5,54.0,97.0,54.0,97.0
match_1768464395999,1,Home,H1,Reception,,Prog Reception,35,7,74.0,100.0,74.0,100.0
match_1768464395999,1,Home,H7,Pass,,Prog Pass,35,8,74.0,100.0,74.0,100.0
match_1768464395999,1,Away,A11,Interception,,,35,10,9.0,0.0,9.0,0.0
match_1768464395999,1,Away,A7,Pass,,,35,12,9.0,0.0,91.0,100.0
match_1768464395999,1,Away,A2,Reception,,,35,14,13.0,2.0,87.0,98.0
match_1768464395999,1,Away,A1,Dribble,,,35,15,13.0,2.0,87.0,98.0
match_1768464395999,1,Away,A9,Dribble,,Prog Carry,35,17,11.0,11.0,89.0,89.0
match_1768464395999,1,Away,A5,Pass,,,35,20,27.0,0.0,73.0,100.0
match_1768464395999,1,Away,A6,Reception,,,35,22,35.0,0.0,65.0,100.0
match_1768464395999,1,Away,A9,Pass,,,35,23,35.0,0.0,65.0,100.0
match_1768464395999,1,Away,A10,Reception,,,35,25,38.0,4.0,62.0,96.0
match_1768464395999,1,Away,A5,Pass,,,35,26,38.0,4.0,62.0,96.0
match_1768464395999,1,Away,A2,Reception,,,35,28,38.0,0.0,62.0,100.0
match_1768464395999,1,Away,A8,Pass,,Prog Pass,35,29,38.0,0.0,62.0,100.0
match_1768464395999,1,Home,H5,Interception,,,35,31,42.0,85.0,58.0,15.0
match_1768464395999,1,Home,H2,Pass,,,35,33,42.0,85.0,42.0,85.0
match_1768464395999,1,Home,H1,Reception,,,35,35,49.0,65.0,49.0,65.0
match_1768464395999,1,Home,H4,Pass,,,35,36,49.0,65.0,49.0,65.0
match_1768464395999,1,Away,A4,Interception,,,35,38,43.0,49.0,43.0,49.0
match_1768464395999,1,Away,A10,Dribble,,Prog Carry,35,40,43.0,49.0,57.0,51.0
match_1768464395999,1,Away,A9,Pass,,,35,44,60.0,53.0,40.0,47.0
match_1768464395999,1,Away,A8,Reception,,,35,46,60.0,54.0,40.0,46.0
match_1768464395999,1,Away,A9,Pass,,,35,47,60.0,54.0,40.0,46.0
match_1768464395999,1,Home,H9,Interception,,,35,49,43.0,61.0,57.0,39.0
match_1768464395999,1,Home,H2,Pass,,,35,51,43.0,61.0,43.0,61.0
match_1768464395999,1,Home,H8,Reception,,,35,53,47.0,42.0,47.0,42.0
match_1768464395999,1,Home,H6,Pass,,,35,54,47.0,42.0,47.0,42.0
match_1768464395999,1,Home,H3,Reception,,,35,56,55.0,20.0,55.0,20.0
match_1768464395999,1,Home,H10,Dribble,,Prog Carry,35,57,55.0,20.0,55.0,20.0
match_1768464395999,1,Home,H3,Pass,,Prog Pass,35,59,73.0,36.0,73.0,36.0
match_1768464395999,1,Home,H8,Reception,,Prog Reception,35,61,92.0,44.0,92.0,44.0
match_1768464395999,1,Home,H8,Dribble,,,36,2,92.0,44.0,92.0,44.0
match_1768464395999,1,Home,H7,Pass,,,36,6,100.0,69.0,100.0,69.0
match_1768464395999,1,Away,A11,Interception,,,36,8,0.0,41.0,0.0,41.0
match_1768464395999,1,Away,A4,Pass,,,36,10,0.0,41.0,100.0,59.0
match_1768464395999,1,Away,A8,Reception,,,36,12,6.0,46.0,94.0,54.0
match_1768464395999,1,Away,A8,Pass,,,36,13,6.0,46.0,94.0,54.0
match_1768464395999,1,Away,A3,Reception,,,36,15,19.0,68.0,81.0,32.0
match_1768464395999,1,Away,A6,Pass,,,36,16,19.0,68.0,81.0,32.0
match_1768464395999,1,Away,A4,Reception,,,36,18,15.0,86.0,85.0,14.0
match_1768464395999,1,Away,A3,Dribble,,,36,19,15.0,86.0,85.0,14.0
match_1768464395999,1,Away,A7,Pass,,,36,21,16.0,91.0,84.0,9.0
match_1768464395999,1,Away,A10,Reception,,,36,23,20.0,92.0,80.0,8.0
match_1768464395999,1,Away,A10,Pass,,,36,24,20.0,92.0,80.0,8.0
match_1768464395999,1,Away,A3,Reception,,,36,26,25.0,69.0,75.0,31.0
match_1768464395999,1,Away,A6,Pass,,,36,27,25.0,69.0,75.0,31.0
match_1768464395999,1,Away,A7,Reception,,,36,29,39.0,94.0,61.0,6.0
match_1768464395999,1,Away,A10,Pass,,,36,30,39.0,94.0,61.0,6.0
match_1768464395999,1,Away,A4,Reception,,,36,32,47.0,99.0,53.0,1.0
match_1768464395999,1,Away,A10,Pass,,Prog Pass,36,33,47.0,99.0,53.0,1.0
match_1768464395999,1,Away,A7,Reception,,Prog Reception,36,35,61.0,100.0,39.0,0.0
match_1768464395999,1,Away,A8,Pass,,Prog Pass,36,36,61.0,100.0,39.0,0.0
match_1768464395999,1,Away,A5,Reception,,Prog Reception,36,38,76.0,95.0,24.0,5.0
match_1768464395999,1,Away,A6,Pass,,,36,39,76.0,95.0,24.0,5.0
match_1768464395999,1,Away,A11,Reception,,,36,41,81.0,96.0,19.0,4.0
match_1768464395999,1,Away,A10,Cross,,,36,42,81.0,95.0,19.0,5.0
match_1768464395999,1,Away,A8,Pass,,,36,44,95.0,50.0,5.0,50.0
match_1768464395999,1,Home,H6,Interception,,,36,46,0.0,34.0,100.0,66.0
match_1768464395999,1,Home,H1,Pass,,,36,48,0.0,34.0,0.0,34.0
match_1768464395999,1,Home,H10,Reception,,,36,50,0.0,41.0,0.0,41.0
match_1768464395999,1,Home,H7,Pass,,Prog Pass,36,51,0.0,41.0,0.0,41.0
match_1768464395999,1,Home,H10,Reception,,Prog Reception,36,53,15.0,30.0,15.0,30.0
match_1768464395999,1,Home,H4,Dribble,,,36,54,15.0,30.0,15.0,30.0
match_1768464395999,1,Home,H11,Pass,,,36,57,21.0,18.0,21.0,18.0
match_1768464395999,1,Home,H8,Reception,,,36,59,32.0,19.0,32.0,19.0
match_1768464395999,1,Home,H9,Dribble,,Prog Carry,37,0,32.0,19.0,32.0,19.0
match_1768464395999,1,Home,H10,Pass,,,37,4,52.0,28.0,52.0,28.0
match_1768464395999,1,Home,H11,Reception,,,37,6,60.0,18.0,60.0,18.0
match_1768464395999,1,Home,H6,Pass,,,37,7,60.0,18.0,60.0,18.0
match_1768464395999,1,Home,H4,Reception,,,37,9,62.0,14.0,62.0,14.0
match_1768464395999,1,Home,H6,Dribble,,,37,10,62.0,14.0,62.0,14.0
match_1768464395999,1,Home,H3,Pass,,,37,11,67.0,7.0,67.0,7.0
match_1768464395999,1,Home,H9,Reception,,,37,13,73.0,0.0,73.0,0.0
match_1768464395999,1,Home,H6,Dribble,,,37,14,73.0,0.0,73.0,0.0
match_1768464395999,1,Home,H5,Pass,,Prog Pass,37,16,77.0,0.0,77.0,0.0
match_1768464395999,1,Home,H1,Reception,,Prog Reception,37,18,88.0,0.0,88.0,0.0
match_1768464395999,1,Home,H4,Pass,,,37,19,88.0,0.0,88.0,0.0
match_1768464395999,1,Home,H10,Reception,,,37,21,94.0,2.0,94.0,2.0
match_1768464395999,1,Home,H2,Dribble,,,37,22,94.0,2.0,94.0,2.0
match_1768464395999,1,Home,H5,Dribble,,,37,24,100.0,0.0,100.0,0.0
match_1768464395999,1,Home,H2,Pass,,,37,27,100.0,0.0,100.0,0.0
match_1768464395999,1,Home,H5,Reception,,,37,29,100.0,0.0,100.0,0.0
match_1768464395999,1,Home,H3,Pass,,,37,30,100.0,0.0,100.0,0.0
match_1768464395999,1,Home,H8,Reception,,Prog Reception,37,32,100.0,11.0,100.0,11.0
match_1768464395999,1,Home,H11,Dribble,,,37,33,100.0,11.0,100.0,11.0
match_1768464395999,1,Home,H8,Pass,,,37,37,100.0,30.0,100.0,30.0
match_1768464395999,1,Home,H9,Reception,,,37,39,100.0,37.0,100.0,37.0
match_1768464395999,1,Home,H5,Pass,,,37,40,100.0,37.0,100.0,37.0
match_1768464395999,1,Away,A9,Interception,,,37,42,0.0,40.0,0.0,40.0
match_1768464395999,1,Away,A7,Pass,,,37,44,0.0,40.0,100.0,60.0
match_1768464395999,1,Away,A3,Reception,,,37,46,10.0,38.0,90.0,62.0
match_1768464395999,1,Away,A9,Pass,,,37,47,10.0,38.0,90.0,62.0
match_1768464395999,1,Away,A1,Reception,,,37,49,24.0,27.0,76.0,73.0
match_1768464395999,1,Away,A4,Pass,,,37,50,24.0,27.0,76.0,73.0
match_1768464395999,1,Away,A1,Reception,,,37,52,26.0,32.0,74.0,68.0
match_1768464395999,1,Away,A1,Pass,,,37,53,26.0,32.0,74.0,68.0
match_1768464395999,1,Away,A8,Reception,,,37,55,21.0,10.0,79.0,90.0
match_1768464395999,1,Away,A4,Pass,,,37,56,21.0,10.0,79.0,90.0
match_1768464395999,1,Away,A3,Reception,,,37,58,29.0,0.0,71.0,100.0
match_1768464395999,1,Away,A3,Pass,,,37,59,29.0,0.0,71.0,100.0
match_1768464395999,1,Away,A11,Reception,,,37,61,31.0,19.0,69.0,81.0
match_1768464395999,1,Away,A6,Pass,,Prog Pass,38,2,31.0,19.0,69.0,81.0
match_1768464395999,1,Away,A7,Reception,,Prog Reception,38,4,46.0,32.0,54.0,68.0
match_1768464395999,1,Away,A11,Pass,,,38,5,46.0,32.0,54.0,68.0
match_1768464395999,1,Away,A1,Reception,,,38,7,55.0,37.0,45.0,63.0
match_1768464395999,1,Away,A9,Dribble,,Prog Carry,38,8,55.0,37.0,45.0,63.0
match_1768464395999,1,Away,A6,Pass,,,38,12,74.0,30.0,26.0,70.0
match_1768464395999,1,Away,A3,Reception,,Prog Reception,38,14,76.0,11.0,24.0,89.0
match_1768464395999,1,Away,A11,Pass,,,38,15,76.0,11.0,24.0,89.0
match_1768464395999,1,Away,A6,Reception,,Prog Reception,38,17,84.0,0.0,16.0,100.0
match_1768464395999,1,Away,A2,Cross,,,38,18,84.0,95.0,16.0,5.0
match_1768464395999,1,Away,A9,Dribble,,,38,20,95.0,50.0,5.0,50.0
match_1768464395999,1,Away,A7,Dribble,,,38,23,100.0,28.0,0.0,72.0
match_1768464395999,1,Away,A10,Cross,,,38,27,100.0,5.0,0.0,95.0
match_1768464395999,1,Away,A2,Pass,,,38,29,95.0,50.0,5.0,50.0
match_1768464395999,1,Away,A4,Reception,,Prog Reception,38,31,100.0,68.0,0.0,32.0
match_1768464395999,1,Away,A9,Pass,,,38,32,100.0,68.0,0.0,32.0
match_1768464395999,1,Away,A1,Reception,,Prog Reception,38,34,100.0,82.0,0.0,18.0
match_1768464395999,1,Away,A4,Pass,,,38,35,100.0,82.0,0.0,18.0
match_1768464395999,1,Away,A7,Reception,,Prog Reception,38,37,100.0,93.0,0.0,7.0
match_1768464395999,1,Away,A4,Shot,Off Target,,38,38,100.0,93.0,0.0,7.0
match_1768464395999,1,Home,H4,Pass,,,38,53,5.0,50.0,5.0,50.0
match_1768464395999,1,Home,H2,Reception,,,38,55,5.0,69.0,5.0,69.0
match_1768464395999,1,Home,H6,Pass,,,38,56,5.0,69.0,5.0,69.0
match_1768464395999,1,Home,H2,Reception,,,38,58,15.0,54.0,15.0,54.0
match_1768464395999,1,Home,H1,Pass,,,38,59,15.0,54.0,15.0,54.0
match_1768464395999,1,Home,H5,Reception,,,38,61,21.0,48.0,21.0,48.0
match_1768464395999,1,Home,H2,Dribble,,Prog Carry,39,2,21.0,48.0,21.0,48.0
match_1768464395999,1,Home,H7,Pass,,Prog Pass,39,6,41.0,23.0,41.0,23.0
match_1768464395999,1,Away,A2,Interception,,,39,8,45.0,88.0,45.0,88.0
match_1768464395999,1,Away,A7,Pass,,,39,10,45.0,88.0,55.0,12.0
match_1768464395999,1,Away,A11,Reception,,,39,12,46.0,100.0,54.0,0.0
match_1768464395999,1,Away,A3,Pass,,,39,13,46.0,100.0,54.0,0.0
match_1768464395999,1,Home,H7,Interception,,,39,15,49.0,15.0,51.0,85.0
match_1768464395999,1,Home,H8,Pass,,,39,17,49.0,15.0,49.0,15.0
match_1768464395999,1,Away,A7,Interception,,,39,19,52.0,90.0,52.0,90.0
match_1768464395999,1,Away,A9,Pass,,,39,21,52.0,90.0,48.0,10.0
match_1768464395999,1,Away,A3,Reception,,,39,23,60.0,78.0,40.0,22.0
match_1768464395999,1,Away,A10,Pass,,,39,24,60.0,78.0,40.0,22.0
match_1768464395999,1,Away,A9,Reception,,,39,26,61.0,69.0,39.0,31.0
match_1768464395999,1,Away,A11,Pass,,,39,27,61.0,69.0,39.0,31.0
match_1768464395999,1,Away,A3,Reception,,,39,29,57.0,82.0,43.0,18.0
match_1768464395999,1,Away,A4,Pass,,,39,30,57.0,82.0,43.0,18.0
match_1768464395999,1,Away,A2,Reception,,,39,32,52.0,69.0,48.0,31.0
match_1768464395999,1,Away,A10,Pass,,Prog Pass,39,33,52.0,69.0,48.0,31.0
match_1768464395999,1,Away,A6,Reception,,Prog Reception,39,35,65.0,51.0,35.0,49.0
match_1768464395999,1,Away,A10,Pass,,Prog Pass,39,36,65.0,51.0,35.0,49.0
match_1768464395999,1,Away,A2,Reception,,Prog Reception,39,38,77.0,63.0,23.0,37.0
match_1768464395999,1,Away,A9,Pass,,Prog Pass,39,39,77.0,63.0,23.0,37.0
match_1768464395999,1,Home,H1,Interception,,,39,41,10.0,57.0,90.0,43.0
match_1768464395999,1,Home,H3,Dribble,,Prog Carry,39,43,10.0,57.0,10.0,57.0
match_1768464395999,1,Home,H1,Pass,,,39,44,28.0,63.0,28.0,63.0
match_1768464395999,1,Home,H6,Reception,,,39,46,33.0,80.0,33.0,80.0
match_1768464395999,1,Home,H3,Pass,,,39,47,33.0,80.0,33.0,80.0
match_1768464395999,1,Home,H7,Reception,,,39,49,36.0,65.0,36.0,65.0
match_1768464395999,1,Home,H4,Pass,,,39,50,36.0,65.0,36.0,65.0
match_1768464395999,1,Home,H2,Reception,,,39,52,40.0,51.0,40.0,51.0
match_1768464395999,1,Home,H8,Pass,,,39,53,40.0,51.0,40.0,51.0
match_1768464395999,1,Home,H4,Reception,,,39,55,38.0,42.0,38.0,42.0
match_1768464395999,1,Home,H3,Pass,,,39,56,38.0,42.0,38.0,42.0
match_1768464395999,1,Away,A2,Interception,,,39,58,64.0,52.0,64.0,52.0
match_1768464395999,1,Away,A7,Pass,,,40,0,64.0,52.0,36.0,48.0
match_1768464395999,1,Away,A6,Reception,,,40,2,70.0,38.0,30.0,62.0
match_1768464395999,1,Away,A11,Pass,,,40,3,70.0,38.0,30.0,62.0
match_1768464395999,1,Away,A4,Reception,,Prog Reception,40,5,79.0,59.0,21.0,41.0
match_1768464395999,1,Away,A10,Dribble,,,40,6,79.0,59.0,21.0,41.0
match_1768464395999,1,Away,A3,Pass,,,40,7,88.0,51.0,12.0,49.0
match_1768464395999,1,Away,A7,Reception,,,40,9,95.0,47.0,5.0,53.0
match_1768464395999,1,Away,A5,Shot,Blocked,,40,10,95.0,47.0,5.0,53.0
match_1768464395999,1,Home,H8,Pass,,,40,25,5.0,50.0,5.0,50.0
match_1768464395999,1,Home,H3,Reception,,,40,27,4.0,40.0,4.0,40.0
match_1768464395999,1,Home,H4,Pass,,Prog Pass,40,28,4.0,40.0,4.0,40.0
match_1768464395999,1,Home,H8,Reception,,Prog Reception,40,30,23.0,56.0,23.0,56.0
match_1768464395999,1,Home,H9,Pass,,,40,31,23.0,56.0,23.0,56.0
match_1768464395999,1,Away,A4,Interception,,,40,33,64.0,38.0,64.0,38.0
match_1768464395999,1,Away,A4,Pass,,,40,35,64.0,38.0,36.0,62.0
match_1768464395999,1,Home,H9,Interception,,,40,37,28.0,74.0,72.0,26.0
match_1768464395999,1,Home,H8,Dribble,,Prog Carry,40,39,28.0,74.0,28.0,74.0
match_1768464395999,1,Home,H6,Pass,,,40,40,41.0,65.0,41.0,65.0
match_1768464395999,1,Home,H3,Reception,,,40,42,46.0,54.0,46.0,54.0
match_1768464395999,1,Home,H6,Pass,,Prog Pass,40,43,46.0,54.0,46.0,54.0
match_1768464395999,1,Home,H2,Reception,,Prog Reception,40,45,64.0,50.0,64.0,50.0
match_1768464395999,1,Home,H7,Pass,,Prog Pass,40,46,64.0,50.0,64.0,50.0
match_1768464395999,1,Home,H10,Reception,,Prog Reception,40,48,74.0,68.0,74.0,68.0
match_1768464395999,1,Home,H7,Pass,,,40,49,74.0,68.0,74.0,68.0
match_1768464395999,1,Home,H4,Reception,,,40,51,80.0,74.0,80.0,74.0
match_1768464395999,1,Home,H3,Pass,,Prog Pass,40,52,80.0,74.0,80.0,74.0
match_1768464395999,1,Home,H9,Reception,,Prog Reception,40,54,83.0,70.0,83.0,70.0
match_1768464395999,1,Home,H11,Pass,,Prog Pass,40,55,83.0,70.0,83.0,70.0
match_1768464395999,1,Away,A6,Interception,,,40,57,0.0,7.0,0.0,7.0
match_1768464395999,1,Away,A11,Pass,,,40,59,0.0,7.0,100.0,93.0
match_1768464395999,1,Away,A9,Reception,,,40,61,11.0,0.0,89.0,100.0
match_1768464395999,1,Away,A9,Pass,,Prog Pass,41,2,11.0,0.0,89.0,100.0
match_1768464395999,1,Home,H8,Interception,,,41,4,69.0,100.0,31.0,0.0
match_1768464395999,1,Home,H7,Pass,,Prog Pass,41,6,69.0,100.0,69.0,100.0
match_1768464395999,1,Away,A8,Interception,,,41,8,20.0,23.0,20.0,23.0
match_1768464395999,1,Away,A6,Pass,,,41,10,20.0,23.0,80.0,77.0
match_1768464395999,1,Away,A11,Reception,,,41,12,15.0,43.0,85.0,57.0
match_1768464395999,1,Away,A6,Pass,,Prog Pass,41,13,15.0,43.0,85.0,57.0
match_1768464395999,1,Away,A7,Reception,,Prog Reception,41,15,32.0,36.0,68.0,64.0
match_1768464395999,1,Away,A3,Pass,,,41,16,32.0,36.0,68.0,64.0
match_1768464395999,1,Home,H8,Interception,,,41,18,64.0,72.0,36.0,28.0
match_1768464395999,1,Home,H6,Pass,,Prog Pass,41,20,64.0,72.0,64.0,72.0
match_1768464395999,1,Home,H2,Reception,,Prog Reception,41,22,74.0,80.0,74.0,80.0
match_1768464395999,1,Home,H7,Pass,,,41,23,74.0,80.0,74.0,80.0
match_1768464395999,1,Away,A7,Interception,,,41,25,28.0,3.0,28.0,3.0
match_1768464395999,1,Away,A4,Pass,,,41,27,28.0,3.0,72.0,97.0
match_1768464395999,1,Away,A6,Reception,,,41,29,37.0,8.0,63.0,92.0
match_1768464395999,1,Away,A2,Dribble,,Prog Carry,41,30,37.0,8.0,63.0,92.0
match_1768464395999,1,Away,A2,Pass,,,41,33,51.0,10.0,49.0,90.0
match_1768464395999,1,Away,A8,Reception,,,41,35,49.0,0.0,51.0,100.0
match_1768464395999,1,Away,A4,Pass,,,41,36,49.0,0.0,51.0,100.0
match_1768464395999,1,Away,A8,Reception,,,41,38,51.0,11.0,49.0,89.0
match_1768464395999,1,Away,A3,Pass,,,41,39,51.0,11.0,49.0,89.0
match_1768464395999,1,Away,A10,Reception,,,41,41,48.0,0.0,52.0,100.0
match_1768464395999,1,Away,A6,Pass,,,41,42,48.0,0.0,52.0,100.0
match_1768464395999,1,Away,A9,Reception,,,41,44,55.0,0.0,45.0,100.0
match_1768464395999,1,Away,A2,Pass,,Prog Pass,41,45,55.0,0.0,45.0,100.0
match_1768464395999,1,Away,A7,Reception,,Prog Reception,41,47,69.0,0.0,31.0,100.0
match_1768464395999,1,Away,A6,Pass,,,41,48,69.0,0.0,31.0,100.0
match_1768464395999,1,Away,A7,Reception,,,41,50,76.0,0.0,24.0,100.0
match_1768464395999,1,Away,A6,Pass,,Prog Pass,41,51,76.0,0.0,24.0,100.0
match_1768464395999,1,Away,A9,Reception,,Prog Reception,41,53,92.0,0.0,8.0,100.0
match_1768464395999,1,Away,A5,Cross,,,41,54,92.0,5.0,8.0,95.0
match_1768464395999,1,Home,H8,Pass,,,41,57,15.0,50.0,15.0,50.0
match_1768464395999,1,Home,H7,Reception,,,41,59,28.0,42.0,28.0,42.0
match_1768464395999,1,Home,H3,Pass,,,42,0,28.0,42.0,28.0,42.0
match_1768464395999,1,Away,A11,Interception,,,42,2,73.0,74.0,73.0,74.0
match_1768464395999,1,Away,A5,Pass,,Prog Pass,42,4,73.0,74.0,27.0,26.0
match_1768464395999,1,Away,A8,Reception,,Prog Reception,42,6,89.0,94.0,11.0,6.0
match_1768464395999,1,Away,A9,Pass,,,42,7,89.0,94.0,11.0,6.0
match_1768464395999,1,Away,A10,Reception,,,42,9,84.0,96.0,16.0,4.0
match_1768464395999,1,Away,A2,Dribble,,,42,10,84.0,96.0,16.0,4.0
match_1768464395999,1,Away,A10,Pass,,Prog Pass,42,11,82.0,71.0,18.0,29.0
match_1768464395999,1,Away,A8,Reception,,Prog Reception,42,13,91.0,57.0,9.0,43.0
match_1768464395999,1,Away,A3,Pass,,,42,14,91.0,57.0,9.0,43.0
match_1768464395999,1,Away,A11,Reception,,Prog Reception,42,16,97.0,66.0,3.0,34.0
match_1768464395999,1,Away,A9,Dribble,,,42,17,97.0,66.0,3.0,34.0
match_1768464395999,1,Away,A7,Dribble,,,42,19,100.0,54.0,0.0,46.0
match_1768464395999,1,Away,A9,Dribble,,,42,21,100.0,72.0,0.0,28.0
match_1768464395999,1,Away,A6,Pass,,,42,23,100.0,62.0,0.0,38.0
match_1768464395999,1,Home,H7,Interception,,,42,25,0.0,53.0,100.0,47.0
match_1768464395999,1,Home,H8,Pass,,Prog Pass,42,27,0.0,53.0,0.0,53.0
match_1768464395999,1,Away,A11,Interception,,,42,29,85.0,65.0,85.0,65.0
match_1768464395999,1,Away,A6,Shot,Blocked,,42,31,85.0,65.0,15.0,35.0
match_1768464395999,1,Home,H3,Pass,,Prog Pass,42,46,5.0,50.0,5.0,50.0
match_1768464395999,1,Home,H2,Reception,,Prog Reception,42,48,21.0,72.0,21.0,72.0
match_1768464395999,1,Home,H10,Pass,,,42,49,21.0,72.0,21.0,72.0
match_1768464395999,1,Home,H5,Reception,,,42,51,21.0,81.0,21.0,81.0
match_1768464395999,1,Home,H5,Dribble,,,42,52,21.0,81.0,21.0,81.0
match_1768464395999,1,Home,H3,Pass,,Prog Pass,42,53,16.0,73.0,16.0,73.0
match_1768464395999,1,Home,H8,Reception,,Prog Reception,42,55,32.0,68.0,32.0,68.0
match_1768464395999,1,Home,H3,Pass,,,42,56,32.0,68.0,32.0,68.0
match_1768464395999,1,Home,H7,Reception,,,42,58,33.0,71.0,33.0,71.0
match_1768464395999,1,Home,H2,Pass,,,42,59,33.0,71.0,33.0,71.0
match_1768464395999,1,Home,H3,Reception,,,42,61,45.0,47.0,45.0,47.0
match_1768464395999,1,Home,H7,Pass,,,43,2,45.0,47.0,45.0,47.0
match_1768464395999,1,Home,H6,Reception,,,43,4,46.0,64.0,46.0,64.0
match_1768464395999,1,Home,H9,Pass,,,43,5,46.0,64.0,46.0,64.0
match_1768464395999,1,Home,H8,Reception,,,43,7,42.0,81.0,42.0,81.0
match_1768464395999,1,Home,H8,Pass,,Prog Pass,43,8,42.0,81.0,42.0,81.0
match_1768464395999,1,Home,H2,Reception,,Prog Reception,43,10,56.0,59.0,56.0,59.0
match_1768464395999,1,Home,H10,Pass,,,43,11,56.0,59.0,56.0,59.0
match_1768464395999,1,Home,H8,Reception,,,43,13,57.0,61.0,57.0,61.0
match_1768464395999,1,Home,H9,Pass,,,43,14,57.0,61.0,57.0,61.0
match_1768464395999,1,Away,A11,Interception,,,43,16,39.0,36.0,39.0,36.0
match_1768464395999,1,Away,A6,Pass,,Prog Pass,43,18,39.0,36.0,61.0,64.0
match_1768464395999,1,Away,A4,Reception,,Prog Reception,43,20,56.0,16.0,44.0,84.0
match_1768464395999,1,Away,A2,Dribble,,,43,21,56.0,16.0,44.0,84.0
match_1768464395999,1,Away,A4,Dribble,,Prog Carry,43,23,53.0,17.0,47.0,83.0
match_1768464395999,1,Away,A3,Pass,,Prog Pass,43,25,68.0,29.0,32.0,71.0
match_1768464395999,1,Away,A4,Reception,,Prog Reception,43,27,87.0,12.0,13.0,88.0
match_1768464395999,1,Away,A8,Pass,,,43,28,87.0,12.0,13.0,88.0
match_1768464395999,1,Away,A7,Reception,,Prog Reception,43,30,91.0,1.0,9.0,99.0
match_1768464395999,1,Away,A8,Pass,,,43,31,91.0,1.0,9.0,99.0
match_1768464395999,1,Away,A2,Reception,,,43,33,100.0,0.0,0.0,100.0
match_1768464395999,1,Away,A11,Shot,Off Target,,43,34,100.0,0.0,0.0,100.0
match_1768464395999,1,Home,H4,Pass,,,43,49,5.0,50.0,5.0,50.0
match_1768464395999,1,Home,H11,Reception,,,43,51,1.0,26.0,1.0,26.0
match_1768464395999,1,Home,H10,Pass,,,43,52,1.0,26.0,1.0,26.0
match_1768464395999,1,Home,H3,Reception,,,43,54,7.0,44.0,7.0,44.0
match_1768464395999,1,Home,H7,Pass,,Prog Pass,43,55,7.0,44.0,7.0,44.0
match_1768464395999,1,Home,H9,Reception,,Prog Reception,43,57,25.0,26.0,25.0,26.0
match_1768464395999,1,Home,H3,Dribble,,Prog Carry,43,58,25.0,26.0,25.0,26.0
match_1768464395999,1,Home,H8,Pass,,,43,59,41.0,29.0,41.0,29.0
match_1768464395999,1,Home,H4,Reception,,,43,61,48.0,23.0,48.0,23.0
match_1768464395999,1,Home,H11,Pass,,,44,2,48.0,23.0,48.0,23.0
match_1768464395999,1,Home,H5,Reception,,,44,4,46.0,43.0,46.0,43.0
match_1768464395999,1,Home,H6,Pass,,,44,5,46.0,43.0,46.0,43.0
match_1768464395999,1,Away,A5,Interception,,,44,7,50.0,71.0,50.0,71.0
match_1768464395999,1,Away,A11,Dribble,,,44,9,50.0,71.0,50.0,29.0
match_1768464395999,1,Away,A2,Pass,,Prog Pass,44,12,49.0,78.0,51.0,22.0
match_1768464395999,1,Away,A7,Reception,,Prog Reception,44,14,61.0,71.0,39.0,29.0
match_1768464395999,1,Away,A8,Pass,,,44,15,61.0,71.0,39.0,29.0
match_1768464395999,1,Home,H1,Interception,,,44,17,30.0,12.0,70.0,88.0
match_1768464395999,1,Home,H1,Pass,,,44,19,30.0,12.0,30.0,12.0
match_1768464395999,1,Home,H10,Reception,,,44,21,43.0,25.0,43.0,25.0
match_1768464395999,1,Home,H4,Pass,,,44,22,43.0,25.0,43.0,25.0
match_1768464395999,1,Home,H5,Reception,,,44,24,40.0,18.0,40.0,18.0
match_1768464395999,1,Home,H8,Pass,,,44,25,40.0,18.0,40.0,18.0
match_1768464395999,1,Home,H7,Reception,,,44,27,58.0,13.0,58.0,13.0
match_1768464395999,1,Home,H7,Dribble,,Prog Carry,44,28,58.0,13.0,58.0,13.0
match_1768464395999,1,Home,H11,Pass,,Prog Pass,44,29,69.0,24.0,69.0,24.0
match_1768464395999,1,Home,H2,Reception,,Prog Reception,44,31,87.0,0.0,87.0,0.0
match_1768464395999,1,Home,H6,Dribble,,Prog Carry,44,32,87.0,0.0,87.0,0.0
match_1768464395999,1,Home,H7,Pass,,,44,33,97.0,0.0,97.0,0.0
match_1768464395999,1,Home,H11,Reception,,,44,35,100.0,0.0,100.0,0.0
match_1768464395999,1,Home,H2,Cross,,,44,36,100.0,5.0,100.0,5.0
match_1768464395999,1,Away,A10,Pass,,Prog Pass,44,39,15.0,50.0,85.0,50.0
match_1768464395999,1,Away,A7,Reception,,Prog Reception,44,41,32.0,69.0,68.0,31.0
match_1768464395999,1,Away,A9,Pass,,,44,42,32.0,69.0,68.0,31.0
match_1768464395999,1,Away,A8,Reception,,,44,44,32.0,78.0,68.0,22.0
match_1768464395999,1,Away,A3,Pass,,,44,45,32.0,78.0,68.0,22.0
match_1768464395999,1,Home,H9,Interception,,,44,47,72.0,5.0,28.0,95.0
match_1768464395999,1,Home,H10,Pass,,,44,49,72.0,5.0,72.0,5.0
match_1768464395999,1,Home,H9,Reception,,,44,51,80.0,0.0,80.0,0.0
match_1768464395999,1,Home,H7,Pass,,Prog Pass,44,52,80.0,0.0,80.0,0.0
match_1768464395999,1,Away,A1,Interception,,,44,54,0.0,84.0,0.0,84.0
match_1768464395999,1,Away,A4,Pass,,Prog Pass,44,56,0.0,84.0,100.0,16.0
match_1768464395999,1,Away,A10,Reception,,Prog Reception,44,58,15.0,100.0,85.0,0.0
match_1768464395999,1,Away,A9,Pass,,,44,59,15.0,100.0,85.0,0.0
match_1768464395999,1,Away,A3,Reception,,,44,61,29.0,100.0,71.0,0.0
